repo_id,repo,sigla,instituicao,base_url,base_host,plataforma,coleta_em,coleta_tamanho,estado_da_coleta,listou,erro,erro_classe,n_registros
esmat,Revista ESMAT (TJTO),,,https://revista.esmat.tjto.jus.br/revista_esmat/pt_BR/oai,revista.esmat.tjto.jus.br,ojs,,,,True,,,2
1900,Repositório Institucional do IFRS,IFRS-4,"Instituto Federal de Educação, Ciência e Tecnologia do Rio Grande do Sul (IFRS)",https://repositorio.ifrs.edu.br/oai/request,repositorio.ifrs.edu.br,dspace,2025-12-17 16:53:29,2114,VALID,True,,,2
1088,Repositório Institucional da UTFPR (da Universidade Tecnológica Federal do Paraná (RIUT)),UTFPR-12,Universidade Tecnológica Federal do Paraná (UTFPR),http://repositorio.utfpr.edu.br:8080/oai/request,repositorio.utfpr.edu.br:8080,dspace,2025-12-03 10:40:58,37030,VALID,False,rede:ConnectTimeout,rede,0
1877,SciELO Preprints,SCI-1,Scientific Electronic Library Online (SCIELO),https://preprints.scielo.org/index.php/scielo/oai,preprints.scielo.org,ojs,2025-05-12 20:55:39,3877,VALID,True,,,2
251,Motrivivência (Florianópolis),UFSC-2,Universidade Federal de Santa Catarina (UFSC),https://periodicos.ufsc.br/index.php/motrivivencia/oai,periodicos.ufsc.br,ojs,2026-09-19 20:10:35,1635,VALID,True,,,2
722,RECIIS (Online),FIOCRUZ-6,Fundação Oswaldo Cruz (Fiocruz),https://www.reciis.icict.fiocruz.br/index.php/reciis/oai,www.reciis.icict.fiocruz.br,ojs,2026-01-08 21:30:02,1283,VALID,True,,,2
97,Biblioteca Digital de Teses e Dissertações da UNISANTOS,SANT,Universidade Católica de Santos (UNISANTOS),https://tede.unisantos.br/oai/request,tede.unisantos.br,dspace,2026-09-04 15:13:07,1042,VALID,True,,,2
2181,Polyphonía (Goiânia. Online),UFG-25,Universidade Federal de Goiás (UFG),https://revistas.ufg.br/sv/oai,revistas.ufg.br,outra,2025-04-30 11:39:26,751,VALID,True,,,2
744,Biblioteca Digital de Teses e Dissertações da FAMERP,FMRP,Faculdade de Medicina de São José do Rio Preto (FAMERP),https://bdtd.famerp.br/oai/request,bdtd.famerp.br,dspace,2025-10-03 13:16:29,664,VALID,True,,,2
2828,Repositório da Faculdade Teológica Sul-Americana (FTSA),FTSA,Faculdade Teológica Sul-Americana (FTSA),https://ftsamultiacervo.mentorweb.ws/ftsaMultiacervo/servlet/aoaiexportacao,ftsamultiacervo.mentorweb.ws,outra,2026-08-18 13:14:38,56,VALID,True,,,2
2225,Revista Contexto & Educação,UNIJ-2,Universidade Regional do Noroeste do Estado do Rio Grande do Sul (UNIJUI),https://www.revistas.unijui.edu.br/index.php/contextoeducacao/oai,www.revistas.unijui.edu.br,ojs,2025-06-16 15:53:05,1007,VALID,True,,,2
432,Revista Periódicus,UFBA-8,Universidade Federal da Bahia (UFBA),https://periodicos.ufba.br/index.php/revistaperiodicus/oai,periodicos.ufba.br,ojs,2026-01-08 17:10:18,655,VALID,True,,,2
2466,Revista de Estudos Africanos e Afro-Brasileiros - Kwanissa,UFMA-10,Universidade Federal do Maranhão (UFMA),https://periodicoseletronicos.ufma.br/index.php/kwanissa/oai,periodicoseletronicos.ufma.br,ojs,2026-09-02 16:58:35,279,VALID,True,,,2
2651,Literatura e Sociedade (Online),USP-84,Universidade de São Paulo (USP),https://www.revistas.usp.br/ls/oai,www.revistas.usp.br,outra,2026-08-19 18:39:14,746,VALID,True,,,2
1017,Revista Brasileira de Direito Civil (Online),IBDCivil,Instituto Brasileiro de Direito Civil (IBDCivil),https://periodicos.sbu.unicamp.br/ojs/index.php/rdbci/oai,periodicos.sbu.unicamp.br,ojs,2026-01-08 22:10:09,683,VALID,True,,,2
1250,Contextus (Fortaleza. Online),UFC-12,Universidade Federal do Ceará (UFC),https://periodicos.ufc.br/contextus/oai,periodicos.ufc.br,outra,2026-01-09 12:10:31,464,VALID,True,,,2
1632,Diversitates,UFF-17,Universidade Federal Fluminense (UFF),http://www.diversitates.uff.br/index.php/1diversitates-uff1/oai,www.diversitates.uff.br,ojs,2025-05-07 13:18:36,196,VALID,True,,,2
325,Educar em Revista,UFPR-4,Universidade Federal do Paraná (UFPR),https://revistas.ufpr.br/educar/oai,revistas.ufpr.br,outra,2026-01-07 14:08:40,2159,VALID,True,,,2
1903,Revista Diálogos e Perspectivas em Educação Especial (Online),UNESP-28,Universidade Estadual Paulista (UNESP),https://revistas.marilia.unesp.br/index.php/dialogoseperspectivas/oai,revistas.marilia.unesp.br,ojs,2025-05-12 21:49:20,358,VALID,True,,,2
2606,Revista Rural & Urbano,UFPE-8,Universidade Federal de Pernambuco (UFPE),https://periodicos.ufpe.br/revistas/ruralurbano/oai,periodicos.ufpe.br,outra,2026-08-24 13:06:17,209,VALID,True,,,2
1128,Revista Dialectus,UFC-11,Universidade Federal do Ceará (UFC),https://periodicos.ufc.br/dialectus/oai,periodicos.ufc.br,outra,2026-01-09 09:46:02,637,VALID,True,,,2
252,Sequência (Florianópolis. Online),UFSC-3,Universidade Federal de Santa Catarina (UFSC),https://periodicos.ufsc.br/index.php/sequencia/oai,periodicos.ufsc.br,ojs,2026-01-05 11:14:33,1217,VALID,True,,,2
2311,Revista Brasileira de Direito,IMED-3,Faculdade Meridional (IMED),https://seer.atitus.edu.br/index.php/revistadedireito/oai,seer.atitus.edu.br,ojs,2025-07-04 14:49:18,408,VALID,False,rede:HTTPStatusError,rede,0
1546,Fronteiras (Dourados. Online),UFGD-6,Universidade Federal da Grande Dourados (UFGD),https://ojs.ufgd.edu.br/index.php/FRONTEIRAS/oai,ojs.ufgd.edu.br,ojs,2024-04-24 10:26:54,518,VALID,True,,,2
2143,Revista Científica FAESA (Online),FAESA-1,FAESA Centro Universitário,https://revista.faesa.br/index.php/faesa/oai,revista.faesa.br,ojs,2025-05-14 13:01:38,211,VALID,False,rede:ConnectError,rede,0
741,Estudos em Avaliação Educacional,FCC-2,Fundação Carlos Chagas (FCC),https://publicacoes.fcc.org.br/eae/oai,publicacoes.fcc.org.br,outra,2026-01-08 21:30:25,970,VALID,True,,,2
1709,Canoa do Tempo (Online),UFAM-2,Universidade Federal do Amazonas (UFAM),https://www.periodicos.ufam.edu.br/index.php/Canoa_do_Tempo/oai,www.periodicos.ufam.edu.br,ojs,2025-05-07 21:00:51,201,VALID,True,,,2
2635,Estudos Semióticos,USP-74,Universidade de São Paulo (USP),https://www.revistas.usp.br/esse/oai,www.revistas.usp.br,outra,2026-08-24 13:05:44,661,VALID,True,,,2
290,Alea (Online),UFRJ-5,Universidade Federal do Rio de Janeiro (UFRJ),https://revistas.ufrj.br/index.php/alea/oai,revistas.ufrj.br,ojs,2026-01-07 14:09:27,538,VALID,True,,,2
2836,Nexus (Manaus. Online),IFAM-3,"Instituto Federal de Educação, Ciência e Tecnologia do Amazonas (IFAM)",https://nexus.ifam.edu.br/index.php/revista-nexus/oai,nexus.ifam.edu.br,ojs,2026-08-18 13:15:37,306,VALID,True,,,2
5,Revista Brasileira de Física Tecnológica Aplicada,UTFPR-2,Universidade Tecnológica Federal do Paraná (UTFPR),https://periodicos.utfpr.edu.br/rbfta/oai,periodicos.utfpr.edu.br,outra,2026-09-02 15:50:48,101,VALID,True,,,2
221,Horizonte Científico,UFU-5,Universidade Federal de Uberlândia (UFU),https://seer.ufu.br/index.php/horizontecientifico/oai,seer.ufu.br,ojs,2026-09-16 11:29:40,860,VALID,True,,,2
111,Revista Thesis Juris,UNINOVE-2,Universidade Nove de Julho (UNINOVE),https://periodicos.uninove.br/thesisjuris/oai,periodicos.uninove.br,outra,2026-09-04 16:25:55,297,VALID,False,rede:HTTPStatusError,rede,0
469,Pauta Geral (Ponta Grossa),UEPG-27,Universidade Estadual de Ponta Grossa (UEPG),https://revistas2.uepg.br/index.php/pauta/oai,revistas2.uepg.br,ojs,2026-01-08 20:03:57,274,VALID,True,,,2
1053,Journal of Lean Systems,UFSC-21,Universidade Federal de Santa Catarina (UFSC),https://ojs.sites.ufsc.br/index.php/peri/oai,ojs.sites.ufsc.br,ojs,2026-01-08 22:20:05,401,VALID,True,,,2
2249,Informação & Tecnologia,ANCIB,Associação Nacional de Pesquisa e Pós-Graduação em Ciência da Informação (ANCIB),https://periodicos.ufpb.br/ojs/index.php/itec/oai,periodicos.ufpb.br,ojs,2025-06-30 14:34:36,112,VALID,False,xml-invalido,xml-invalido,0
753,Scire Salutis,ESS-1,Companhia Brasileira de Produção Científica (CBPC),https://sustenere.inf.br/index.php/sciresalutis/oai,sustenere.inf.br,ojs,2026-01-08 21:29:16,425,VALID,True,,,2
403,Gragoatá,UFF-6,Universidade Federal Fluminense (UFF),https://periodicos.uff.br/gragoata/oai,periodicos.uff.br,outra,2026-01-08 17:11:57,1116,VALID,True,,,2
126,Repositório Institucional da UNIFESP,UFSP,Universidade Federal de São Paulo (UNIFESP),https://repositorio.unifesp.br/server/oai/request,repositorio.unifesp.br,dspace,2026-09-09 16:15:15,69217,VALID,True,,,2
150,Brazilian journal of oral sciences (Online),UNICAMP-8,Universidade Estadual de Campinas (UNICAMP),https://periodicos.sbu.unicamp.br/ojs/index.php/bjos/oai,periodicos.sbu.unicamp.br,ojs,2026-09-11 10:45:31,1350,VALID,True,,,2
2661,(Des)troços - Revista de pensamento radical,UFMG-33,Universidade Federal de Minas Gerais (UFMG),https://periodicos.ufmg.br/index.php/revistadestrocos/oai,periodicos.ufmg.br,ojs,2026-08-19 18:36:22,257,VALID,True,,,2
1486,Repositório Institucional da UFRR,UFRR-6,Universidade Federal de Roraima (UFRR),http://repositorio.ufrr.br:8080/oai/request,repositorio.ufrr.br:8080,dspace,2026-05-26 13:07:44,854,VALID,False,rede:ConnectError,rede,0
599,Oficina do Historiador,PUC_RS-15,Pontifícia Universidade Católica do Rio Grande do Sul (PUCRS),https://revistaseletronicas.pucrs.br/oficinadohistoriador/oai,revistaseletronicas.pucrs.br,outra,2026-01-08 20:55:09,476,VALID,True,,,2
2810,Revista Owl,INDEP-8,Publicação independente,https://www.revistaowl.com.br/index.php/owl/oai,www.revistaowl.com.br,ojs,2026-08-18 13:44:34,889,VALID,True,,,2
807,Saude em Debate,CBES-1,Centro Brasileiro de Estudos de Saude,https://www.saudeemdebate.org.br/sed/oai,www.saudeemdebate.org.br,outra,2026-01-08 21:54:21,1454,VALID,True,,,2
2673,Revista Visualidades (Online),UFG-38,Universidade Federal de Goiás (UFG),https://revistas.ufg.br/VISUAL/oai,revistas.ufg.br,outra,2026-08-19 18:29:15,500,VALID,True,,,2
2656,"Fulia/UFMG - Futebol, Linguagem, Artes e outros Esportes",UFMG-30,Universidade Federal de Minas Gerais (UFMG),https://periodicos.ufmg.br/index.php/fulia/oai,periodicos.ufmg.br,ojs,2026-09-09 10:58:22,387,VALID,True,,,2
1791,Psicologia (Universidade Presbiteriana Mackenzie. Online),UPM-1,Universidade Presbiteriana Mackenzie (UPM),http://editorarevistas.mackenzie.br/index.php/ptp/oai,editorarevistas.mackenzie.br,ojs,2026-04-27 14:12:04,982,VALID,False,oai-error:badVerb,oai-error,0
2688,Revista Educação Química en Punto de Vista,UNIL-2,Universidade Federal da Integração Latino-Americana (UNILA),https://revistas.unila.edu.br/eqpv/oai,revistas.unila.edu.br,outra,2026-08-19 18:28:08,203,VALID,True,,,2
2723,Revista de Estudos em Educação e Diversidade,UESB-10,Universidade Estadual do Sudoeste da Bahia (UESB),https://periodicos2.uesb.br/index.php/reed/oai,periodicos2.uesb.br,ojs,2026-08-18 16:23:14,370,VALID,True,,,2
2209,Águas Subterrâneas (São Paulo. Online),ABAS,Associação Brasileira de Águas Subterrâneas,https://aguassubterraneas.abas.org/asubterraneas/oai,aguassubterraneas.abas.org,outra,2025-06-02 10:10:12,3601,VALID,True,,,2
1193,"Contabilidade, Gestão e Governança",UNB-21,Universidade de Brasília (UnB),https://revistacgg.org/index.php/contabil/oai,revistacgg.org,ojs,2026-01-09 10:57:06,571,VALID,True,,,2
2009,Anais do Museu Histórico Nacional (Online),MHN-1,Museu Histórico Nacional,https://anaismhn.museus.gov.br/index.php/amhn/oai,anaismhn.museus.gov.br,ojs,2025-05-13 16:31:27,127,VALID,True,,,2
2216,Journal of Urban Technology and Sustainability,USJT-1,Universidade São Judas Tadeu,https://journaluts.emnuvens.com.br/journaluts/oai,journaluts.emnuvens.com.br,outra,2025-06-02 11:43:42,40,VALID,True,,,2
2235,Revista Prisma Jurídico,UNINOVE-6,Universidade Nove de Julho (UNINOVE),https://periodicos.uninove.br/prisma/oai,periodicos.uninove.br,outra,2025-06-25 16:50:19,425,VALID,False,rede:HTTPStatusError,rede,0
490,Scientia Iuris (Online),UEL-6,Universidade Estadual de Londrina (UEL),https://www.uel.br/revistas/uel/index.php/iuris/oai,www.uel.br,ojs,2026-01-08 20:01:36,1591,VALID,True,,,2
1150,Raído (Online),UFGD-4,Universidade Federal da Grande Dourados (UFGD),https://ojs.ufgd.edu.br/index.php/Raido/oai,ojs.ufgd.edu.br,ojs,2026-01-09 10:10:16,763,VALID,True,,,2
376,Revista Educação e Emancipação,UFMA-3,Universidade Federal do Maranhão (UFMA),https://periodicoseletronicos.ufma.br/index.php/reducacaoemancipacao/oai,periodicoseletronicos.ufma.br,ojs,2026-01-08 16:28:29,751,VALID,True,,,2
2542,Exilium - Revista de Estudos da Contemporaneidade,UNIFESP-7,Universidade Federal de São Paulo (UNIFESP),https://periodicos.unifesp.br/index.php/exilium/oai,periodicos.unifesp.br,ojs,2026-08-24 16:51:39,177,VALID,False,rede:ReadTimeout,rede,0
172,Alfa (São José do Rio Preto. Online),UNESP-4,Universidade Estadual Paulista (UNESP),https://periodicos.fclar.unesp.br/alfa/oai,periodicos.fclar.unesp.br,outra,2026-09-11 14:21:29,1271,VALID,True,,,2
792,Saúde e Pesquisa (Online),CESUMAR-1,Cesumar Diretoria de Pesquisa,https://periodicos.unicesumar.edu.br/index.php/saudpesq/oai,periodicos.unicesumar.edu.br,ojs,2026-01-08 21:52:29,1270,VALID,False,rede:HTTPStatusError,rede,0
1876,REMIPE,FATEC-3,Faculdade de Tecnologia de Osasco (FATEC),https://remipe.fatecosasco.edu.br/index.php/remipe/oai,remipe.fatecosasco.edu.br,ojs,2025-05-12 20:52:43,185,VALID,True,,,2
2281,O Mundo da Saúde (Online),SAOCAMILO,Centro Universitário São Camilo,https://revistamundodasaude.emnuvens.com.br/mundodasaude/oai,revistamundodasaude.emnuvens.com.br,outra,2025-07-02 14:28:14,1147,VALID,True,,,2
80,Interfaces Científicas. Educação (Online),UNIT-2,Universidade Tiradentes (UNIT),https://periodicos.set.edu.br/educacao/oai,periodicos.set.edu.br,outra,2026-09-04 14:58:16,675,VALID,True,,,2
2522,Revista de Estudos de Cultura,UFS-15,Universidade Federal de Sergipe (UFS),https://periodicos.ufs.br/revec/oai,periodicos.ufs.br,outra,2026-08-24 16:52:01,443,VALID,True,,,2
1723,Kant e-prints (Online),UNICAMP-27,Universidade Estadual de Campinas (UNICAMP),https://periodicos.sbu.unicamp.br/ojs/index.php/kant/oai,periodicos.sbu.unicamp.br,ojs,2025-10-22 15:52:38,346,VALID,True,,,2
2666,E&S Engineering and Science,UFMT-7,Universidade Federal de Mato Grosso (UFMT),https://periodicoscientificos.ufmt.br/ojs/index.php/eng/oai,periodicoscientificos.ufmt.br,ojs,2026-08-19 18:26:46,245,VALID,True,,,2
2554,Voluntas - Revista Internacional de Filosofia (Santa Maria),UFSM-21,Universidade Federal de Santa Maria (UFSM),https://periodicos.ufsm.br/voluntas/oai,periodicos.ufsm.br,outra,2026-08-24 14:27:07,559,VALID,True,,,2
2144,Revista ANPPREV de Seguridade Social,ANPPREV-1,Associação Nacional dos Procuradores e Advogados Públicos Federais (ANPPREV),https://rass.anpprev.org.br/index.php/RASS/oai,rass.anpprev.org.br,ojs,2025-05-14 13:01:35,17,VALID,True,,,2
727,Revista Direito GV,FGV-2,Fundação Getulio Vargas (FGV),https://periodicos.fgv.br/revdireitogv/oai,periodicos.fgv.br,outra,2026-01-08 21:29:56,740,VALID,True,,,2
2028,Deposita Dados (Repositório Comum de Dados de Pesquisa do Ibict),IBICT-8,Instituto Brasileiro de Informação em Ciência e Tecnologia (Ibict),http://172.16.16.119/oai,172.16.16.119,outra,2026-08-10 09:43:17,92,VALID,False,rede:ConnectTimeout,rede,0
2693,Monções: Revista de Relações Internacionais da UFGD,UFGD-14,Universidade Federal da Grande Dourados (UFGD),https://ojs.ufgd.edu.br/index.php/moncoes/oai,ojs.ufgd.edu.br,ojs,2026-08-18 16:54:00,520,VALID,True,,,2
2766,Periferia,UERJ-29,Universidade do Estado do Rio de Janeiro (UERJ),https://www.e-publicacoes.uerj.br/index.php/periferia/oai,www.e-publicacoes.uerj.br,ojs,2026-08-18 15:52:21,652,VALID,True,,,2
1616,Revista Observatório,UFT-8,Universidade Federal do Tocantins (UFT),https://sistemas.uft.edu.br/periodicos/index.php/observatorio/oai,sistemas.uft.edu.br,ojs,2025-05-07 13:18:43,1168,VALID,False,rede:ConnectTimeout,rede,0
2533,Espaço Pedagógico (Online),UPF-8,Universidade de Passo Fundo (UPF),https://seer.upf.br/index.php/rep/oai,seer.upf.br,ojs,2026-08-24 16:52:37,1285,VALID,True,,,2
2335,Revista de Constitucionalização do Direito Brasileiro (Online),ICAM,Instituto Carlos Alexandre Moraes (ICAM),http://revistareconto.com.br/index.php/Reconto/oai,revistareconto.com.br,ojs,2025-07-07 14:30:34,105,VALID,True,,,2
2291,"Revista de Direito Urbanístico, Cidade e Alteridade",CONPEDI-37,Conselho Nacional de Pesquisa e Pós-graduação em Direito (CONPEDI),https://www.indexlaw.org/index.php/revistaDireitoUrbanistico/oai,www.indexlaw.org,ojs,2025-07-02 15:36:20,137,VALID,True,,,2
1898,"Revista de Ensino em Artes, Moda e Design",UDESC-4,Universidade do Estado de Santa Catarina (UDESC),https://www.revistas.udesc.br/index.php/Ensinarmode/oai,www.revistas.udesc.br,ojs,2025-09-03 12:40:22,537,VALID,True,,,2
2759,Revista de Ciências Agroveterinárias (Online),UDESC-10,Universidade do Estado de Santa Catarina (UDESC),https://periodicos.udesc.br/index.php/agroveterinaria/oai,periodicos.udesc.br,ojs,2026-08-18 15:54:10,1059,VALID,True,,,2
1071,Reflexus (Online),UNIDA-1,Faculdade Unida (UNIDA),https://revista.fuv.edu.br/index.php/reflexus/oai,revista.fuv.edu.br,ojs,2026-01-08 22:21:25,484,VALID,True,,,2
1654,Revista de educação popular (Online),UFU-13,Universidade Federal de Uberlândia (UFU),https://seer.ufu.br/index.php/reveducpop/oai,seer.ufu.br,ojs,2025-05-07 13:39:31,917,VALID,True,,,2
1124,Belas Infiéis,UNB-17,Universidade de Brasília (UnB),https://periodicos.unb.br/index.php/belasinfieis/oai,periodicos.unb.br,ojs,2026-01-09 09:45:26,666,VALID,False,rede:ConnectError,rede,0
1914,Revista UniVap (online),UNIVAP-1,Universidade do Vale do Paraíba (Univap),https://revista.univap.br/index.php/revistaunivap/oai,revista.univap.br,ojs,2025-05-13 09:39:54,1346,VALID,True,,,2
1151,"Revista de Direito, Economia e Desenvolvimento Sustentável",CONPEDI,Conselho Nacional de Pesquisa e Pós-graduação em Direito (CONPEDI),http://www.indexlaw.org/index.php/revistaddsus/oai,www.indexlaw.org,ojs,2026-01-09 10:10:14,134,VALID,True,,,2
2317,Revista Brasileira de Psicodrama (Online),FEBRAP,Federação Brasileira de Psicodrama (Febrap),https://revbraspsicodrama.org.br/rbp/oai,revbraspsicodrama.org.br,outra,2025-07-04 15:48:04,466,VALID,True,,,2
614,Horizonte - Revista de Estudos de Teologia e Ciências da Religião,PUC_MINS-3,Pontifícia Universidade Católica de Minas Gerais (PUC Minas),https://periodicos.pucminas.br/horizonte/oai,periodicos.pucminas.br,outra,2026-01-08 20:56:21,1554,VALID,True,,,2
583,REMark - Revista Brasileira de Marketing,RBM-1,Universidade Nove de Julho (UNINOVE),https://periodicos.uninove.br/remark/oai,periodicos.uninove.br,outra,2026-01-08 20:45:32,882,VALID,False,rede:HTTPStatusError,rede,0
1057,Revista odisséia,UFRN-7,Universidade Federal do Rio Grande do Norte (UFRN),https://periodicos.ufrn.br/odisseia/oai,periodicos.ufrn.br,outra,2026-01-08 22:20:10,439,VALID,True,,,2
2510,Revista OuvirOUver (Online),UFU-21,Universidade Federal de Uberlândia (UFU),https://seer.ufu.br/index.php/ouvirouver/oai,seer.ufu.br,ojs,2026-08-24 17:00:26,610,VALID,True,,,2
2559,Pólemos (Brasília),UNB-36,Universidade de Brasília (UnB),https://periodicos.unb.br/index.php/polemos/oai,periodicos.unb.br,ojs,2026-08-24 14:27:16,564,VALID,False,rede:ConnectError,rede,0
2044,REGEPE Entrepreneurship and Small Business Journal,ANEGEPE,Associação Nacional de Estudos em Empreendedorismo e Gestão de Pequenas Empresas (ANEGEPE),https://www.regepe.org.br/regepe/oai,www.regepe.org.br,outra,2025-05-14 11:06:18,373,VALID,True,,,2
253,Zero-a-seis,UFSC-4,Universidade Federal de Santa Catarina (UFSC),https://periodicos.ufsc.br/index.php/zeroseis/oai,periodicos.ufsc.br,ojs,2026-01-05 11:14:01,818,VALID,True,,,2
729,Revista de Administração Pública,FGV-4,Fundação Getulio Vargas (FGV),https://periodicos.fgv.br/rap/oai,periodicos.fgv.br,outra,2026-01-08 21:29:57,3147,VALID,True,,,2
491,Geografia (Londrina),UEL-7,Universidade Estadual de Londrina (UEL),https://ojs.uel.br/revistas/uel/index.php/geografia/oai,ojs.uel.br,ojs,2026-01-08 20:22:34,1750,VALID,True,,,2
2407,Revista Iluminuras,UFRGS-37,Universidade Federal do Rio Grande do Sul (UFRGS),https://seer.ufrgs.br/iluminuras/oai,seer.ufrgs.br,outra,2025-07-09 11:07:43,1097,VALID,True,,,2
298,Lume - Repositório Digital da Universidade Federal do Rio Grande do Sul (UFRGS),UFRGS-2,Universidade Federal do Rio Grande do Sul (UFRGS),https://lume.ufrgs.br/oai/request,lume.ufrgs.br,dspace,2026-08-28 11:21:03,302246,VALID,False,rede:ConnectError,rede,0
2507,Revista de Didática e Psicologia Pedagógica - Obutchénie,UFU-19,Universidade Federal de Uberlândia (UFU),https://seer.ufu.br/index.php/Obutchenie/oai,seer.ufu.br,ojs,2026-08-24 17:00:21,456,VALID,True,,,2
112,Revista de Gestão Ambiental e Sustentabilidade - GeAS,UNINOVE-3,Universidade Nove de Julho (UNINOVE),https://periodicos.uninove.br/geas/oai,periodicos.uninove.br,outra,2026-09-04 16:28:32,349,VALID,False,rede:HTTPStatusError,rede,0
375,Repositório Institucional da UFMA,UFMA-2,Universidade Federal do Maranhão (UFMA),http://repositorio.ufma.br:8080/oai/request,repositorio.ufma.br:8080,dspace,2025-10-21 20:19:56,402,VALID,False,xml-invalido,xml-invalido,0
13,Revista de Letras,UTFPR-10,Universidade Tecnológica Federal do Paraná (UTFPR),https://periodicos.utfpr.edu.br/rl/oai,periodicos.utfpr.edu.br,outra,2026-09-02 16:08:54,527,VALID,True,,,2
19,Archives of Clinical Psychiatry,USP-5,Universidade de São Paulo (USP),https://www.revistas.usp.br/acp/oai,www.revistas.usp.br,outra,2026-09-02 16:12:07,846,VALID,True,,,2
2182,REEC - Revista Eletrônica de Engenharia Civil,UFG-26,Universidade Federal de Goiás (UFG),https://revistas.ufg.br/reec/oai,revistas.ufg.br,outra,2025-04-30 11:38:52,357,VALID,True,,,2
2019,Novation,UFPR-18,Universidade Federal do Paraná (UFPR),https://revistas.ufpr.br/novation/oai,revistas.ufpr.br,outra,2025-05-13 16:32:16,50,VALID,True,,,2
1254,Biblioteca Digital do Banco Nacional de Desenvolvimento Econômico e Social,BNDES,Banco Nacional de Desenvolvimento Econômico e Social (BNDES),http://web.bndes.gov.br/bib/oai/request,web.bndes.gov.br,dspace,2026-06-22 16:25:29,4354,VALID,True,,,2
145,Repositório da Produção Científica e Intelectual da Unicamp,CAMP,Universidade Estadual de Campinas (UNICAMP),https://repositorio.unicamp.br/oai/artigo/oai.asp,repositorio.unicamp.br,outra,2026-09-11 10:10:30,50496,VALID,True,,,2
2331,Asklepion (Rio de Janeiro),IBICT-11,Instituto Brasileiro de Informação em Ciência e Tecnologia (Ibict),https://revistaasklepion.emnuvens.com.br/asklepion/oai,revistaasklepion.emnuvens.com.br,outra,2025-07-07 10:37:37,86,VALID,True,,,2
2753,Diálogos e Diversidade,UNEB-12,Universidade do Estado da Bahia (UNEB),https://revistas.uneb.br/index.php/rdd/oai,revistas.uneb.br,ojs,2026-08-18 15:53:06,139,VALID,True,,,2
764,Revista ENIAC pesquisa,ENIAC-1,Centro Universitário Eniac,https://ojs.eniac.com.br/index.php/EniacPesquisa/oai,ojs.eniac.com.br,ojs,2026-01-08 21:51:24,247,VALID,True,,,2
1334,Revista Perspectivas em Psicologia (Online),UFU-11,Universidade Federal de Uberlândia (UFU),https://seer.ufu.br/index.php/perspectivasempsicologia/oai,seer.ufu.br,ojs,2026-01-09 12:04:08,295,VALID,True,,,2
2396,Heringeriana (Online),JBB,Jardim Botânico de Brasília (JBB),https://revistas.jardimbotanicodf.org/index.php/heringeriana/oai,revistas.jardimbotanicodf.org,ojs,2025-07-07 16:30:25,210,VALID,True,,,2
246,Revista Digital do LAV ( Laboratório de Artes Visuais),UFSM-18,Universidade Federal de Santa Maria (UFSM),http://periodicos.ufsm.br/index.php/revislav/oai,periodicos.ufsm.br,ojs,2026-01-05 11:12:56,526,VALID,True,,,2
47,Journal of Information Systems and Technology Management (Online),USP-33,Universidade de São Paulo (USP),https://www.revistas.usp.br/jistem/oai,www.revistas.usp.br,outra,2026-09-04 11:01:23,436,VALID,True,,,2
2193,Revista UFG (Online),UFG-35,Universidade Federal de Goiás (UFG),https://revistas.ufg.br/revistaufg/oai,revistas.ufg.br,outra,2026-06-10 15:42:25,1037,VALID,True,,,2
1198,Germinal: Marxismo e Educação em Debate,UFBA-10,Universidade Federal da Bahia (UFBA),https://periodicos.ufba.br/index.php/revistagerminal/oai,periodicos.ufba.br,ojs,2026-01-09 10:58:58,1264,VALID,True,,,2
2330,Revista Brasileira de Nutrição Esportiva,IBPEFEX-4,Instituto Brasileiro de Ensino e Pesquisa em Fisiologia do Exercício (IBPEFEX),https://www.rbne.com.br/index.php/rbne/oai,www.rbne.com.br,ojs,2025-07-07 10:28:35,1279,VALID,True,,,2
2460,Revista Terra de Pretos,UFMA-8,Universidade Federal do Maranhão (UFMA),https://periodicoseletronicos.ufma.br/index.php/terradepretos/oai,periodicoseletronicos.ufma.br,ojs,2026-09-02 16:57:55,94,VALID,True,,,2
265,Revista Brasileira de Cineantropometria & Desempenho Humano (Online),UFSC-16,Universidade Federal de Santa Catarina (UFSC),https://periodicos.ufsc.br/index.php/rbcdh/oai,periodicos.ufsc.br,ojs,2026-01-05 11:13:34,1301,VALID,True,,,2
334,Revista Equador,UFPI-2,Universidade Federal do Piauí (UFPI),https://periodicos.ufpi.br/index.php/revistaequador/oai,periodicos.ufpi.br,ojs,2026-08-24 14:11:43,513,VALID,True,,,2
382,Coffee Science (Online),UFLA-4,Universidade Federal de Lavras (UFLA),https://coffeescience.ufla.br/index.php/Coffeescience/oai,coffeescience.ufla.br,ojs,2026-01-08 16:17:59,876,VALID,False,rede:ConnectError,rede,0
2812,Biblioteca Digital da Fundação Alexandre de Gusmão - FUNAG,FUNAG,Fundação Alexandre de Gusmão - FUNAG,https://funag.gov.br/biblioteca-nova/oai,funag.gov.br,outra,2026-08-18 13:44:27,1089,VALID,True,,,2
1019,Repositório Institucional da UFFS (Repositório Digital da UFFS),UFFS,Universidade Federal Fronteira do Sul (UFFS),https://rd.uffs.edu.br/oai/request,rd.uffs.edu.br,dspace,2026-06-17 09:39:13,4591,VALID,True,,,2
2737,Cadernos Espinosanos (Online),USP-90,Universidade de São Paulo (USP),https://revistas.usp.br/espinosanos/oai,revistas.usp.br,outra,2026-08-18 16:26:00,488,VALID,True,,,2
620,Estudos de Psicologia (Campinas),PUC_CAMP-3,Pontifícia Universidade Católica de Campinas (PUC-CAMPINAS),https://periodicos.puc-campinas.edu.br/estpsi/oai,periodicos.puc-campinas.edu.br,outra,2026-01-08 20:56:39,1901,VALID,False,rede:ReadTimeout,rede,0
182,Bolema: Boletim de Educação Matemática,UNESP-14,Universidade Estadual Paulista (UNESP),https://www.periodicos.rc.biblioteca.unesp.br/index.php/bolema/oai,www.periodicos.rc.biblioteca.unesp.br,ojs,2026-09-11 15:59:15,1014,VALID,True,,,2
2849,Perspectivas Sociais,UFPEL-8,Universidade Federal de Pelotas (UFPEL),https://periodicos.ufpel.edu.br/index.php/percsoc/oai,periodicos.ufpel.edu.br,ojs,2026-08-18 13:15:21,215,VALID,True,,,2
232,Cadernos de Comunicação (Online),UFSM-4,Universidade Federal de Santa Maria (UFSM),http://periodicos.ufsm.br/index.php/ccomunicacao/oai,periodicos.ufsm.br,ojs,2026-09-16 15:55:04,441,VALID,True,,,2
390,Pensar a Prática (Online),UFG-4,Universidade Federal de Goiás (UFG),https://revistas.ufg.br/fef/oai,revistas.ufg.br,outra,2026-01-08 17:06:06,1315,VALID,True,,,2
77,Latin American Journal of Business Management,UNITAU-2,Universidade de Taubaté (UNITAU),https://www.lajbm.com.br/index.php/journal/oai,www.lajbm.com.br,ojs,2026-09-04 14:58:16,426,VALID,True,,,2
1317,Revista Diversidade e Educação,FURG-5,Universidade Federal do Rio Grande (FURG),https://periodicos.furg.br/divedu/oai,periodicos.furg.br,outra,2026-01-09 12:05:47,860,VALID,True,,,2
1833,Journal of Health & Biological Sciences,CHRISTUS-1,Centro Universitário Christus (Unichristus),https://periodicos.unichristus.edu.br/jhbs/oai,periodicos.unichristus.edu.br,outra,2025-05-12 14:13:50,598,VALID,True,,,2
2547,Revista do direito (Santa Cruz do Sul. Online),UNISC-10,Universidade de Santa Cruz do Sul (UNISC),https://seer.unisc.br/index.php/direito/oai,seer.unisc.br,ojs,2026-08-24 16:51:47,462,VALID,True,,,2
2732,Revista Ambiente (Boa Vista),UERR,Universidade Estadual de Roraima (UERR),https://periodicos.uerr.edu.br/index.php/ambiente/oai,periodicos.uerr.edu.br,ojs,2026-08-18 16:25:40,503,VALID,True,,,2
2192,Terceiro Incluído,UFG-34,Universidade Federal de Goiás (UFG),https://revistas.ufg.br/teri/oai,revistas.ufg.br,outra,2025-04-30 11:41:53,263,VALID,True,,,2
259,Revista Katálysis (Online),UFSC-10,Universidade Federal de Santa Catarina (UFSC),https://periodicos.ufsc.br/index.php/katalysis/oai,periodicos.ufsc.br,ojs,2026-01-05 11:14:48,1028,VALID,True,,,2
2771,Interseções (Online),UERJ-33,Universidade do Estado do Rio de Janeiro (UERJ),https://www.e-publicacoes.uerj.br/index.php/intersecoes/oai,www.e-publicacoes.uerj.br,ojs,2026-08-18 15:32:28,414,VALID,True,,,2
1038,Zetetiké (Online),UNICAMP-21,Universidade Estadual de Campinas (UNICAMP),https://periodicos.sbu.unicamp.br/ojs/index.php/zetetike/oai,periodicos.sbu.unicamp.br,ojs,2026-01-08 22:20:34,679,VALID,True,,,2
1977,Anais da Faculdade de Medicina de Olinda (Online),FMO-1,Faculdade de Medicina de Olinda (FMO),https://afmo.emnuvens.com.br/afmo/oai,afmo.emnuvens.com.br,outra,2025-05-13 11:05:20,187,VALID,True,,,2
2301,Coleção Meira Mattos (Online),EB-1,Exército Brasileiro (EB),https://ebrevistas.eb.mil.br/RMM/oai,ebrevistas.eb.mil.br,outra,2025-07-02 16:36:17,418,VALID,False,xml-invalido,xml-invalido,0
1503,Actio (Curitiba),UTFPR-13,Universidade Tecnológica Federal do Paraná (UTFPR),https://periodicos.utfpr.edu.br/actio/oai,periodicos.utfpr.edu.br,outra,2025-05-07 11:35:58,545,VALID,True,,,2
717,Repositório Institucional da Fiocruz (ARCA),CRUZ,Fundação Oswaldo Cruz (Fiocruz),https://api.arca.fiocruz.br/oai/request,api.arca.fiocruz.br,dspace,2026-01-28 14:50:28,65430,VALID,True,,,2
604,Estudos Ibero-Americanos,PUC_RS-20,Pontifícia Universidade Católica do Rio Grande do Sul (PUCRS),https://revistaseletronicas.pucrs.br/iberoamericana/oai,revistaseletronicas.pucrs.br,outra,2026-01-08 20:55:53,1402,VALID,True,,,2
2283,Revista Direitos Sociais e Políticas Públicas,UNIFAFIBE,Centro Universitário Unifafibe (UNIFAFIBE),https://portal.unifafibe.com.br/revista/index.php/direitos-sociais-politicas-pub/oai,portal.unifafibe.com.br,ojs,2025-07-02 14:50:18,608,VALID,True,,,2
1516,Trilhas Filosóficas (Online),UERN-3,Universidade do Estado do Rio Grande do Norte (UERN),https://periodicos.apps.uern.br/index.php/RTF/oai,periodicos.apps.uern.br,ojs,2025-05-07 12:13:27,412,VALID,True,,,2
360,Perspectivas em Diálogo,UFMS-2,Universidade Federal de Mato Grosso do Sul (UFMS),https://periodicos.ufms.br/index.php/persdia/oai,periodicos.ufms.br,ojs,2026-01-08 16:28:02,669,VALID,True,,,2
1787,Jornal de Pneumologia,USP-50,Sociedade Brasileira de Pneumologia e Tisiologia da Universidade de São Paulo (SBPT-USP),https://old.scielo.br/oai/scielo-oai.php,old.scielo.br,outra,2023-01-12 16:31:20,339,VALID,False,rede:ConnectError,rede,0
406,Abril (Niterói),UFF-9,Universidade Federal Fluminense (UFF),https://periodicos.uff.br/revistaabril/oai,periodicos.uff.br,outra,2026-01-08 17:08:44,552,VALID,True,,,2
1949,Pontos de Interrogação (Online),UNEB-6,Universidade do Estado da Bahia (UNEB),https://www.revistas.uneb.br/index.php/pontosdeint/oai,www.revistas.uneb.br,ojs,2025-08-20 16:04:27,483,VALID,True,,,2
1846,Repositório Institucional da Universidade Federal de Alfenas - RiUnifal,UNIFAL,Universidade Federal de Alfenas (UNIFAL),https://repositorio.unifal-mg.edu.br/server/oai/request,repositorio.unifal-mg.edu.br,dspace,2026-03-16 11:41:32,2695,VALID,True,,,2
433,Afro-Ásia (Online),UFBA-9,Universidade Federal da Bahia (UFBA),https://periodicos.ufba.br/index.php/afroasia/oai,periodicos.ufba.br,ojs,2026-01-08 17:10:07,1035,VALID,True,,,2
125,Pensar (Fortaleza. Online),UNIFOR-3,Universidade de Fortaleza (UNIFOR),https://periodicos.unifor.br/rpen/oai,periodicos.unifor.br,outra,2026-09-09 16:12:39,1600,VALID,True,,,2
1629,Temáticas (Campinas. Online),UNICAMP-25,Universidade Estadual de Campinas (UNICAMP),https://econtents.bc.unicamp.br/inpec/index.php/tematicas/oai,econtents.bc.unicamp.br,ojs,2025-10-22 15:42:29,459,VALID,False,rede:ConnectError,rede,0
1134,Guará,PUC_GO-6,Pontifícia Universidade Católica de Goiás (PUC-GO),https://seer.pucgoias.edu.br/index.php/guara/oai,seer.pucgoias.edu.br,ojs,2026-01-09 10:09:52,312,VALID,True,,,2
459,Revista Eletrônica de Direito Processual,UERJ-17,Universidade do Estado do Rio de Janeiro (UERJ),https://www.e-publicacoes.uerj.br/index.php/redp/oai,www.e-publicacoes.uerj.br,ojs,2026-01-30 11:09:38,1123,VALID,True,,,2
2593,Textos de Economia (Online),USC-30,Universidade Federal de Santa Catarina (UFSC),https://periodicos.ufsc.br/index.php/economia/oai,periodicos.ufsc.br,ojs,2026-08-24 13:05:07,355,VALID,True,,,2
165,Revista e-xacta,UNIBH-2,Centro Universitário de Belo Horizonte (UNIBH),https://periodicos.uninove.br/exacta/oai,periodicos.uninove.br,outra,2026-09-11 11:32:57,885,VALID,False,rede:HTTPStatusError,rede,0
45,Brazilian Journal of Pharmaceutical Sciences,USP-31,Universidade de São Paulo (USP),https://www.revistas.usp.br/bjps/oai,www.revistas.usp.br,outra,2026-09-04 11:01:19,2049,VALID,True,,,2
426,Repositório Institucional da UFBA,UFBA-2,Universidade Federal da Bahia (UFBA),https://repositorio.ufba.br/oai/request,repositorio.ufba.br,dspace,2025-10-29 11:31:29,39224,VALID,False,rede:ConnectError,rede,0
2011,Revista do CAAP (Online),UFMG-29,Universidade Federal de Minas Gerais (UFMG),https://periodicos.ufmg.br/index.php/caap/oai,periodicos.ufmg.br,ojs,2025-05-13 16:32:06,506,VALID,True,,,2
1174,"Revista de Sociologia, Antropologia e Cultura Jurídica",CONPEDI-24,Conselho Nacional de Pesquisa e Pós-graduação em Direito (CONPEDI),http://www.indexlaw.org/index.php/culturajuridica/oai,www.indexlaw.org,ojs,2026-01-09 10:09:55,112,VALID,True,,,2
2762,"Revista Educação, Artes e Inclusão",UDESC-13,Universidade do Estado de Santa Catarina (UDESC),https://periodicos.udesc.br/index.php/arteinclusao/oai,periodicos.udesc.br,ojs,2026-08-18 15:51:57,517,VALID,True,,,2
1988,Revista de Direito (Instituto de Educação Superior de Brasília),IESB-1,Instituto de Educação Superior de Brasília (IESB),https://revista.iesb.br/revista/index.php/ojsiesb/oai,revista.iesb.br,ojs,2025-05-13 12:01:16,177,VALID,True,,,2
2520,Revista Geonordeste (Online),UFS-13,Universidade Federal de Sergipe (UFS),https://periodicos.ufs.br/geonordeste/oai,periodicos.ufs.br,outra,2026-08-24 16:51:18,766,VALID,True,,,2
28,Estudos Econômicos (São Paulo),USP-14,Universidade de São Paulo (USP),https://www.revistas.usp.br/ee/oai,www.revistas.usp.br,outra,2026-09-03 19:53:44,1474,VALID,True,,,2
67,Revista Espaço Jurídico/Espaço Jurídico Journal of Law,UNOESC-1,Universidade do Oeste de Santa Catarina (UNOESC),https://portalperiodicos.unoesc.edu.br/espacojuridico/oai,portalperiodicos.unoesc.edu.br,outra,2026-09-04 14:38:07,584,VALID,True,,,2
2157,Revista Movimentos Sociais e Dinâmicas Espaciais,UFPE-7,Universidade Federal de Pernambuco (UFPE),https://periodicos.ufpe.br/revistas/index.php/revistamseu/oai,periodicos.ufpe.br,ojs,2025-05-14 13:05:24,311,VALID,True,,,2
574,Revista de Ensino de Bioquímica,SBBQM-1,Sociedade Brasileira de Bioquímica e Biologia Molecular (SBBq),https://www.bioquimica.org.br/index.php/REB/oai,www.bioquimica.org.br,ojs,2026-01-08 20:45:22,788,VALID,True,,,2
1627,Anos 90 (Online),UFRGS-31,Universidade Federal do Rio Grande do Sul (UFRGS),https://seer.ufrgs.br/anos90/oai,seer.ufrgs.br,outra,2025-05-07 13:20:09,825,VALID,True,,,2
2277,Redes (Canoas),UNISALLE-8,Centro Universitário La Salle (Unilasalle),https://revistas.unilasalle.edu.br/index.php/redes/oai,revistas.unilasalle.edu.br,ojs,2025-07-02 14:06:34,483,VALID,True,,,2
2717,Revista do Instituto de Políticas Públicas de Marília,UNESP-49,"Universidade Estadual Paulista ""Júlio de Mesquita Filho"" (UNESP)",https://revistas.marilia.unesp.br/index.php/RIPPMAR/oai,revistas.marilia.unesp.br,ojs,2026-08-18 16:54:48,182,VALID,True,,,2
1260,Repositório Institucional da ENAP,ENAP,Escola Nacional de Administração Pública (ENAP),https://repositorio.enap.gov.br/oai/request,repositorio.enap.gov.br,dspace,2026-01-28 10:12:13,8562,VALID,False,rede:HTTPStatusError,rede,0
1652,Albuquerque (Online),UFMS-6,Universidade Federal de Mato Grosso do Sul (UFMS),https://periodicos.ufms.br/index.php/AlbRHis/oai,periodicos.ufms.br,ojs,2025-05-07 13:39:36,477,VALID,True,,,2
2197,Revista da Faculdade de Ciências Médicas da Paraíba,AFYA,Faculdade de Ciências Médicas da Paraíba (Afya),https://rfcm.emnuvens.com.br/revista/oai,rfcm.emnuvens.com.br,outra,2025-05-15 19:32:03,71,VALID,True,,,2
2254,Estrabão,CASAHIRAN,Casa de Hiram,https://revista.estrabao.press/index.php/estrabao/oai,revista.estrabao.press,ojs,2025-06-30 15:12:08,159,VALID,True,,,2
1842,Terra Roxa e Outras Terras: Revista de Estudos Literários,UEL-15,Universidade Estadual de Londrina (UEL),https://ojs.uel.br/revistas/uel/index.php/terraroxa/oai,ojs.uel.br,ojs,2025-05-12 14:14:56,512,VALID,True,,,2
1604,Revista Reamec,UFMT-5,Universidade Federal de Mato Grosso (UFMT),https://periodicoscientificos.ufmt.br/ojs/index.php/reamec/oai,periodicoscientificos.ufmt.br,ojs,2025-05-07 12:43:59,709,VALID,True,,,2
1557,Consumer Behavior Review,UFPE-5,Universidade Federal de Pernambuco (UFPE),https://periodicos.ufpe.br/revistas/cbr/oai,periodicos.ufpe.br,outra,2024-04-24 09:33:41,139,VALID,True,,,2
1866,Revista de Defesa da Concorrência,CADE,Conselho Administrativo de Defesa Econômica (Cade),https://revista.cade.gov.br/index.php/revistadedefesadaconcorrencia/oai,revista.cade.gov.br,ojs,2025-05-12 20:51:55,206,VALID,True,,,2
1967,Revista Verde Grande (Online),UNIMONTES5,Universidade Estadual de Montes Claros (UNIMONTES),https://www.periodicos.unimontes.br/index.php/verdegrande/oai,www.periodicos.unimontes.br,ojs,2025-05-13 10:18:59,361,VALID,True,,,2
1897,Arca Dados (Fiocruz),FIOCRUZ-8,Fundação Oswaldo Cruz (Fiocruz),https://dadosdepesquisa.fiocruz.br/oai,dadosdepesquisa.fiocruz.br,outra,2024-04-22 12:06:23,733,VALID,False,rede:HTTPStatusError,rede,0
1203,Caderno de Educação Física e Esporte,UNIOESTE-3,Universidade Estadual do Oeste do Paraná (UNIOESTE),https://e-revista.unioeste.br/index.php/cadernoedfisica/oai,e-revista.unioeste.br,ojs,2026-01-09 10:58:38,653,VALID,True,,,2
1814,"Research, Society and Development",UNIFEI,Universidade Federal de Itajubá (UNIFEI),https://rsdjournal.org/index.php/rsd/oai,rsdjournal.org,ojs,2026-08-02 19:36:58,34556,VALID,True,,,2
1113,Revista Pedagógica (Chapecó. Online),UNOCHAPO-1,Universidade Comunitária da Região de Chapecó (UNOCHAPECÓ),https://bell.unochapeco.edu.br/revistas/index.php/pedagogica/oai,bell.unochapeco.edu.br,ojs,2026-01-08 23:22:47,984,VALID,True,,,2
171,Pesquisa em Educação Ambiental (Online),UNESP-3,Universidade Estadual Paulista (UNESP),https://www.periodicos.rc.biblioteca.unesp.br/index.php/pesquisa/oai,www.periodicos.rc.biblioteca.unesp.br,ojs,2026-09-11 14:21:27,446,VALID,True,,,2
1033,Revista Língua & Literatura (Online),URI-2,Universidade Regional Integrada do Alto Uruguai e das Missões (URI),http://revistas.fw.uri.br/index.php/revistalinguaeliteratura/oai,revistas.fw.uri.br,ojs,2026-01-08 22:19:55,476,VALID,True,,,2
2534,Revista Prometeica (Mar del Plata),UNIFESP-6,Universidade Federal de São Paulo (UNIFESP),https://periodicos.unifesp.br/index.php/prometeica/oai,periodicos.unifesp.br,ojs,2026-08-24 16:54:34,642,VALID,False,rede:ReadTimeout,rede,0
2168,Boletim Goiano de Geografia (Online),UFG-15,Universidade Federal de Goiás (UFG),https://revistas.ufg.br/bgg/oai,revistas.ufg.br,outra,2025-08-08 10:40:58,789,VALID,True,,,2
1003,Economic Analysis of law Review,UCB-6,Universidade Católica de Brasília (UCB),https://portalrevistas.ucb.br/index.php/ealr/oai,portalrevistas.ucb.br,ojs,2026-01-08 22:10:06,463,VALID,False,rede:HTTPStatusError,rede,0
258,Ilha do Desterro,UFSC-9,Universidade Federal de Santa Catarina (UFSC),https://periodicos.ufsc.br/index.php/desterro/oai,periodicos.ufsc.br,ojs,2026-01-05 11:14:28,1525,VALID,True,,,2
2640,Revista Investigações (Online),UFPE-13,Universidade Federal de Pernambuco (UFPE),https://periodicos.ufpe.br/revistas/index.php/INV/oai,periodicos.ufpe.br,ojs,2026-08-19 18:38:58,691,VALID,True,,,2
2158,Mouseion (Canoas),UNISALLE-1,Centro Universitário La Salle (Unilasalle),https://revistas.unilasalle.edu.br/index.php/Mouseion/oai,revistas.unilasalle.edu.br,ojs,2025-05-14 13:02:55,415,VALID,True,,,2
2186,Revista de Economia do Centro-Oeste,UFG-28,Universidade Federal de Goiás (UFG),https://revistas.ufg.br/reoeste/oai,revistas.ufg.br,outra,2025-04-30 11:39:39,108,VALID,True,,,2
2029,Direito.Unb (Online),UNB-24,Universidade de Brasília (UnB),https://periodicos.unb.br/index.php/revistadedireitounb/oai,periodicos.unb.br,ojs,2026-06-01 16:34:38,255,VALID,False,rede:ConnectError,rede,0
603,Letras de Hoje (Online),PUC_RS-19,Pontifícia Universidade Católica do Rio Grande do Sul (PUCRS),https://revistaseletronicas.pucrs.br/fale/oai,revistaseletronicas.pucrs.br,outra,2026-01-08 20:56:16,2791,VALID,True,,,2
2739,Cenas Educacionais,UNEB-10,Universidade do Estado da Bahia (UNEB),https://www.revistas.uneb.br/index.php/cenaseducacionais/oai,www.revistas.uneb.br,ojs,2026-08-18 16:26:03,659,VALID,True,,,2
1326,Revista Brasileira de Estudos Políticos (Online),UFMG-21,Universidade Federal de Minas Gerais (UFMG),https://pos.direito.ufmg.br/rbep/index.php/rbep/oai,pos.direito.ufmg.br,ojs,2026-01-09 12:06:05,604,VALID,True,,,2
2830,Repositório Institucional da EMESCAM,EMESCAM,Escola Superior de Ciências da Santa Casa de Misericórdia de Vitória (Emescam),https://ri.emescam.br/server/oai/request,ri.emescam.br,dspace,2026-08-18 13:15:25,385,VALID,True,,,2
1715,Revista de História da Educação Matemática,SBHMAT,Sociedade Brasileira de História da Matemática (SBHMat),http://www.histemat.com.br/index.php/HISTEMAT/oai,www.histemat.com.br,ojs,2025-05-07 20:58:59,405,VALID,True,,,2
1544,Pós. Revista do Programa de Pós-Graduação em Arquitetura e Urbanismo da FAUUSP (Online),USP-58,Universidade de São Paulo (USP),https://www.revistas.usp.br/posfau/oai,www.revistas.usp.br,outra,2025-08-13 11:33:34,895,VALID,True,,,2
2261,Cadernos de Pós-Graduação (São Paulo. Online),UNINOVE-9,Universidade Nove de Julho (UNINOVE),https://periodicos.uninove.br/cadernosdepos/oai,periodicos.uninove.br,outra,2025-06-30 16:24:51,414,VALID,True,,,2
2238,Abehache,ABH,Associação Brasileira de Hispanistas,https://revistaabehache.com/ojs/index.php/abehache/oai,revistaabehache.com,ojs,2025-06-27 14:26:56,341,VALID,True,,,2
1940,Synesis (Online),UCP-2,Universidade Católica de Petrópolis (UCP),https://seer.ucp.br/seer/index.php/synesis/oai,seer.ucp.br,ojs,2025-05-13 10:18:19,342,VALID,True,,,2
661,Tear: Revista de Educação Ciência e Tecnologia,IFRS-1,"Instituto Federal de Educação, Ciência e Tecnologia do Rio Grande do Sul (IFRS)",https://periodicos.ifrs.edu.br/index.php/tear/oai,periodicos.ifrs.edu.br,ojs,2026-01-08 21:12:53,629,VALID,True,,,2
218,Educação e Filosofia,UFU-2,Universidade Federal de Uberlândia (UFU),https://seer.ufu.br/index.php/EducacaoFilosofia/oai,seer.ufu.br,ojs,2026-09-14 15:53:30,1683,VALID,True,,,2
1346,"Revista Jurídica Eletrônica Direito, Sociedade e Desenvolvimento",UFRRJ-3,Universidade Federal Rural do Rio de Janeiro (UFRRJ),https://rejur.ufrrj.br/ojs/index.php/rejur/oai,rejur.ufrrj.br,ojs,2026-01-09 12:05:04,92,VALID,False,rede:ConnectError,rede,0
494,Projética Revista Científica de Design,UEL-10,Universidade Estadual de Londrina (UEL),https://ojs.uel.br/revistas/uel/index.php/projetica/oai,ojs.uel.br,ojs,2026-01-08 20:22:23,1072,VALID,True,,,2
454,Revista Italiano UERJ,UERJ-12,Universidade do Estado do Rio de Janeiro (UERJ),https://www.e-publicacoes.uerj.br/index.php/revistaitalianouerj/oai,www.e-publicacoes.uerj.br,ojs,2026-06-18 17:54:05,153,VALID,True,,,2
214,Administração Pública e Gestão Social,UFV-3,Universidade Federal de Viçosa (UFV),https://periodicos.ufv.br/apgs/oai,periodicos.ufv.br,outra,2026-09-14 15:51:20,603,VALID,True,,,2
2557,Revista Educação (Santa Maria. Online),UFSM-22,Universidade Federal de Santa Maria (UFSM),https://periodicos.ufsm.br/reveducacao/oai,periodicos.ufsm.br,outra,2026-08-24 14:27:20,1695,VALID,True,,,2
438,EID&A - Revista Eletrônica de Estudos Integrados em Discurso e Argumentação,UESC-1,Universidade Estadual de Santa Cruz (UESC),http://periodicos.uesc.br/index.php/eidea/oai,periodicos.uesc.br,ojs,2026-01-08 17:10:26,468,VALID,True,,,2
1948,UNINGÁ Review,UNINGA-2,Centro Universitário Uningá,https://revista.uninga.br/uningareviews/oai,revista.uninga.br,outra,2025-05-13 10:19:26,844,VALID,True,,,2
2307,ABCS Health Sciences (Online),FMABC,Faculdade de Medicina do ABC (FMABC),https://www.portalnepas.org.br/abcshs/oai,www.portalnepas.org.br,outra,2025-07-04 12:51:14,503,VALID,True,,,2
2046,Pixo,UFPEL-1,Universidade Federal de Pelotas (UFPEL),https://revistas.ufpel.edu.br/index.php/pixo/oai,revistas.ufpel.edu.br,ojs,2025-05-14 11:06:17,685,VALID,True,,,1
2213,Revista brasileira de ensino de jornalismo - Rebej,ABEJ,Associação Brasileira de Ensino em Jornalismo (ABEJ),https://rebej.abejor.org.br/index.php/rebej/oai,rebej.abejor.org.br,ojs,2025-06-02 10:56:12,358,VALID,True,,,2
1266,Revista Sergipana de Matemática e Educação Matemática,UFS-6,Universidade Federal de Sergipe (UFS),https://periodicos.ufs.br/ReviSe/oai,periodicos.ufs.br,outra,2026-01-09 12:03:45,338,VALID,True,,,2
1176,Revista Brasileira de Direito Civil em Perspectiva,CONPEDI-26,Conselho Nacional de Pesquisa e Pós-graduação em Direito (CONPEDI),http://www.indexlaw.org/index.php/direitocivil/oai,www.indexlaw.org,ojs,2026-01-09 10:10:07,157,VALID,True,,,2
450,Revista Quaestio Iuris (Online),UERJ-8,Universidade do Estado do Rio de Janeiro (UERJ),https://www.e-publicacoes.uerj.br/index.php/quaestioiuris/oai,www.e-publicacoes.uerj.br,ojs,2026-01-30 11:09:12,1315,VALID,True,,,2
62,Revista Teoria e Evidência Econômica,UPF-2,Universidade de Passo Fundo (UPF),https://seer.upf.br/index.php/rtee/oai,seer.upf.br,ojs,2026-09-04 14:14:36,286,VALID,True,,,2
2641,Cadernos PROLAM/USP,USP-77,Universidade de São Paulo (USP),https://www.revistas.usp.br/prolam/oai,www.revistas.usp.br,outra,2026-08-19 18:36:52,568,VALID,True,,,2
1091,A Cor das Letras,UEFS-1,Universidade Estadual de Feira de Santana (UEFS),http://periodicos.uefs.br/index.php/acordasletras/oai,periodicos.uefs.br,ojs,2026-01-08 23:23:39,694,VALID,True,,,2
2189,Revista eletrônica de Farmácia,UFG-31,Universidade Federal de Goiás (UFG),https://revistas.ufg.br/REF/oai,revistas.ufg.br,outra,2025-04-30 11:40:34,648,VALID,False,xml-invalido,xml-invalido,0
1873,Ambientes (Francisco Beltrão),UNIOESTE-4,Universidade Estadual do Oeste do Paraná (UNIOESTE),https://e-revista.unioeste.br/index.php/ambientes/oai,e-revista.unioeste.br,ojs,2025-05-12 20:57:49,142,VALID,True,,,2
2663,"Revista eletrônica da Associação dos Geógrafos Brasileiros, Seção Três Lagoas",UFMS-8,Universidade Federal de Mato Grosso do Sul (UFMS),https://periodicos.ufms.br/index.php/RevAGB/oai,periodicos.ufms.br,ojs,2026-08-19 18:36:16,392,VALID,True,,,2
1626,Encontros Bibli,UFSC-29,Universidade Federal de Santa Catarina (UFSC),https://periodicos.ufsc.br/index.php/eb/oai,periodicos.ufsc.br,ojs,2025-05-07 13:19:59,1228,VALID,True,,,2
1618,Texto digital,UFSC-27,Universidade Federal de Santa Catarina (UFSC),https://periodicos.ufsc.br/index.php/textodigital/oai,periodicos.ufsc.br,ojs,2025-05-07 13:19:10,558,VALID,True,,,2
277,Agro@mbiente on-line,UFRR-4,Universidade Federal de Roraima (UFRR),https://revista.ufrr.br/index.php/agroambiente/oai,revista.ufrr.br,ojs,2026-01-05 11:15:27,548,VALID,False,rede:ConnectError,rede,0
1839,Advances in Nursing and Health,UEL-14,Universidade Estadual de Londrina (UEL),https://www.uel.br/revistas/uel/index.php/anh/oai,www.uel.br,ojs,2025-05-12 14:14:27,54,VALID,True,,,2
1133,Estudos (Goiânia. Online),PUC_GO-5,Pontifícia Universidade Católica de Goiás (PUC-GO),https://seer.pucgoias.edu.br/index.php/estudos/oai,seer.pucgoias.edu.br,ojs,2026-01-09 09:45:45,739,VALID,True,,,2
510,Interações (Campo Grande. Online),UCDB-1,Universidade Católica Dom Bosco (UCDB),https://interacoes.ucdb.br/interacoes/oai,interacoes.ucdb.br,outra,2026-01-08 20:22:36,1147,VALID,True,,,2
348,Revista Gênero & Direito,UFPB-7,Universidade Federal da Paraíba (UFPB),https://periodicos.ufpb.br/index.php/ged/oai,periodicos.ufpb.br,ojs,2026-01-08 16:30:44,100,VALID,True,,,2
642,Revista Paranaense de Desenvolvimento (Online),IPARDES-1,Instituto Paranaense de Desenvolvimento Econômico e Social (IPARDES),https://ipardes.emnuvens.com.br/revistaparanaense/oai,ipardes.emnuvens.com.br,outra,2026-01-08 20:55:14,715,VALID,True,,,2
1084,Travessias Interativas,UFS-5,Universidade Federal de Sergipe (UFS),https://periodicos.ufs.br/Travessias/oai,periodicos.ufs.br,outra,2026-01-08 23:22:39,560,VALID,True,,,2
1818,Revista de Geociências do Nordeste,UFRN-12,Universidade Federal do Rio Grande do Norte (UFRN),https://periodicos.ufrn.br/revistadoregne/oai,periodicos.ufrn.br,outra,2025-05-12 12:20:47,535,VALID,True,,,2
684,Revista Verde de Agroecologia e Desenvolvimento Sustentavel,GVAA-1,Grupo Verde de Agroecologia e Abelhas (GVAA),https://www.gvaa.com.br/revista/index.php/RVADS/oai,www.gvaa.com.br,ojs,2026-01-08 21:13:24,2262,VALID,False,rede:HTTPStatusError,rede,0
428,Organizações & Sociedade (Online),UFBA-4,Universidade Federal da Bahia (UFBA),https://periodicos.ufba.br/index.php/revistaoes/oai,periodicos.ufba.br,ojs,2026-01-08 17:09:15,1094,VALID,True,,,2
1117,METAgraphias,UNB-10,Universidade de Brasília (UnB),https://periodicos.unb.br/index.php/metagraphias/oai,periodicos.unb.br,ojs,2026-01-08 23:23:02,247,VALID,False,rede:ConnectError,rede,0
1972,Revista Ambientale (Online),UNEAL-2,Universidade Estadual de Alagoas (UNEAL),https://periodicosuneal.emnuvens.com.br/ambientale/oai,periodicosuneal.emnuvens.com.br,outra,2025-05-13 11:04:49,208,VALID,True,,,2
1884,Ensaios de Geografia,UFF-22,Universidade Federal Fluminense (UFF),https://periodicos.uff.br/ensaios_posgeo/oai,periodicos.uff.br,outra,2025-05-12 20:54:15,284,VALID,True,,,2
2562,RP3. Revista de Pesquisa em Políticas Públicas,UNB-38,Universidade de Brasília (UnB),https://periodicos.unb.br/index.php/rp3/oai,periodicos.unb.br,ojs,2026-08-24 14:26:37,216,VALID,False,rede:ConnectError,rede,0
704,Meritum (Belo Horizonte. Online),FUMEC-1,Universidade FUMEC,https://revista.fumec.br/index.php/meritum/oai,revista.fumec.br,ojs,2026-01-08 21:20:41,785,VALID,True,,,2
1167,Teorias do Direito e Realismo Jurídico,CONPEDI-18,Conselho Nacional de Pesquisa e Pós-graduação em Direito (CONPEDI),http://www.indexlaw.org/index.php/teoriasdireito/oai,www.indexlaw.org,ojs,2026-01-09 10:10:48,93,VALID,True,,,2
2526,Revista de Ciência e Inovação do IF Farroupilha (Online),IFFAR-1,"Instituto Federal de Educação, Ciência e Tecnologia Farroupilha (IFFAR)",https://periodicos.iffarroupilha.edu.br/index.php/cienciainovacao/oai,periodicos.iffarroupilha.edu.br,ojs,2026-08-24 16:52:38,128,VALID,True,,,2
2188,Revista Contabilidade & Inovação,UFG-30,Universidade Federal de Goiás (UFG),https://revistas.ufg.br/rci/oai,revistas.ufg.br,outra,2025-04-30 11:40:06,19,VALID,True,,,2
2128,"Padê: Estudos em filosofia, raça, gênero e direitos humanos",UNICEUB-12,Centro de Ensino de Brasília (UNICEUB),https://www.publicacoesacademicas.uniceub.br/pade/oai,www.publicacoesacademicas.uniceub.br,outra,2025-05-14 12:37:27,62,VALID,True,,,2
756,"Comunicação, Mídia e Consumo (Online)",ESPM-3,Escola Superior de Propaganda e Marketing (ESPM),https://revistacmc.espm.br/revistacmc/oai,revistacmc.espm.br,outra,2026-01-08 21:29:36,628,VALID,True,,,2
592,Galáxia (São Paulo),PUC_SP-8,Pontifícia Universidade Católica de São Paulo (PUC-SP),https://revistas.pucsp.br/galaxia/oai,revistas.pucsp.br,outra,2026-01-08 20:45:26,1106,VALID,True,,,2
2727,Revista Ideação (Foz do Iguaçu. Online),UNIEST-7,Universidade Estadual do Oeste do Paraná (UNIOESTE),https://e-revista.unioeste.br/index.php/ideacao/oai,e-revista.unioeste.br,ojs,2026-08-18 16:25:20,631,VALID,True,,,2
2279,UNILUS Ensino e Pesquisa (Online),UNILUS,Centro Universitário Lusíada (UNILUS),http://revista.unilus.edu.br/index.php/ruep/oai,revista.unilus.edu.br,ojs,2025-07-02 14:11:32,1249,VALID,True,,,2
227,Repositório Institucional da UFT,UFT,Universidade Federal do Tocantins (UFT),http://repositorio.uft.edu.br/oai/request,repositorio.uft.edu.br,dspace,2026-09-16 15:55:01,7980,VALID,False,rede:ConnectTimeout,rede,0
1728,"Saúde, Ética & Justiça (Online)",USP - 64,Universidade de São Paulo (USP),https://www.revistas.usp.br/sej/oai,www.revistas.usp.br,outra,2025-08-13 16:20:38,351,VALID,True,,,2
2633,Geologia USP. Série Científica (Online),USP-73,Universidade de São Paulo (USP),https://www.revistas.usp.br/guspsc/oai,www.revistas.usp.br,outra,2026-08-24 13:05:32,667,VALID,True,,,2
174,Faces da História,UNESP-6,Universidade Estadual Paulista (UNESP),https://seer.assis.unesp.br/index.php/facesdahistoria/oai,seer.assis.unesp.br,ojs,2026-09-11 15:32:53,529,VALID,False,rede:ConnectTimeout,rede,0
2013,Revista Educação em Contexto,SEDUCGO-1,Secretaria de Estado da Educação de Goiás (SEDUC GO),https://revistaseduc.educacao.go.gov.br/index.php/rec/oai,revistaseduc.educacao.go.gov.br,ojs,2025-05-13 16:31:47,61,VALID,True,,,2
164,e-Hum: Revista das Áreas de Humanidade do Centro Universitário de Belo Horizonte,UNIBH-1,Centro Universitário de Belo Horizonte (UNIBH),https://portaldeperiodicos.animaeducacao.com.br/index.php/dchla/oai,portaldeperiodicos.animaeducacao.com.br,ojs,2026-09-11 11:32:57,293,VALID,True,,,2
2560,Em Tempo de Histórias (Online),UNB-37,Universidade de Brasília (UnB),https://periodicos.unb.br/index.php/emtempos/oai,periodicos.unb.br,ojs,2026-08-24 14:26:37,560,VALID,False,rede:ConnectError,rede,0
485,Repositório Institucional da UEL,UEL,Universidade Estadual de Londrina (UEL),https://repositorio.uel.br/srv-c0003-s01/oai/request,repositorio.uel.br,dspace,2026-08-17 15:34:28,11192,VALID,True,,,2
2148,Art&Sensorium,UNESPAR-2,Universidade Estadual do Paraná (UNESPAR),https://periodicos.unespar.edu.br/index.php/sensorium/oai,periodicos.unespar.edu.br,ojs,2025-05-14 13:01:56,417,VALID,True,,,2
1990,Revista Eletrônica Acta Sapientia,UFC-19,Universidade Federal do Ceará (UFC),https://actasapientia.com.br/index.php/acsa/oai,actasapientia.com.br,ojs,2025-05-13 11:04:56,63,VALID,True,,,2
735,Estudos Históricos (Rio de Janeiro),FGV-10,Fundação Getulio Vargas (FGV),https://periodicos.fgv.br/reh/oai,periodicos.fgv.br,outra,2026-01-08 21:30:36,992,VALID,True,,,2
1623,Revista NUPEM (Online),UNESPAR,Universidade Estadual do Paraná (UNESPAR),https://periodicos.unespar.edu.br/nupem/oai,periodicos.unespar.edu.br,outra,2025-05-07 13:19:36,298,VALID,False,rede:HTTPStatusError,rede,0
1573,GeoTextos (Online),UFBA-12,Universidade Federal da Bahia (UFBA),https://periodicos.ufba.br/index.php/geotextos/oai,periodicos.ufba.br,ojs,2025-05-07 12:42:14,388,VALID,True,,,2
389,Inter-ação (Goiânia. Online),UFG-3,Universidade Federal de Goiás (UFG),https://revistas.ufg.br/index.php/interacao/oai,revistas.ufg.br,ojs,2026-01-08 17:06:16,1244,VALID,True,,,2
2022,"Repositório Institucional do Instituto Federal de Educação, Ciência e Tecnologia do Pará (IFPA)",IFPA-1,"Instituto Federal de Educação, Ciência e Tecnologia do Pará (IFPA)",https://repositorio.ifpa.edu.br/oai/request,repositorio.ifpa.edu.br,dspace,2025-03-20 14:26:47,268,VALID,False,rede:HTTPStatusError,rede,0
2754,Linguagens nas Artes,UEMG-5,Universidade do Estado de Minas Gerais (UEMG),https://revista.uemg.br/index.php/linguagensnasartes/oai,revista.uemg.br,ojs,2026-08-18 15:53:35,41,VALID,True,,,2
2519,Acta Biológica Catarinense,UNIVILLE,Universidade da Região de Joinville (UNIVILLE),https://periodicos.univille.br/ABC/oai,periodicos.univille.br,outra,2026-08-24 16:51:18,503,VALID,True,,,2
1156,Revista de Direito Sociais e Políticas Públicas,CONPEDI-9,Conselho Nacional de Pesquisa e Pós-graduação em Direito (CONPEDI),http://www.indexlaw.org/index.php/revistadspp/oai,www.indexlaw.org,ojs,2026-01-09 10:10:30,150,VALID,True,,,2
2266,Historia Ambiental Latinoamericana y Caribeña,UNIEVANG-1,Centro Universitário de Anápolis (UniEVANGÉLICA),https://www.halacsolcha.org/index.php/halac/oai,www.halacsolcha.org,ojs,2025-07-02 11:06:44,499,VALID,True,,,2
644,Intercom (São Paulo. Online. 2006),INTERCOM-1,Sociedade Brasileira de Estudos Interdisciplinares da Comunicação (INTERCOM),https://revistas.intercom.org.br/index.php/revistaintercom/oai,revistas.intercom.org.br,ojs,2026-01-08 20:55:26,1175,VALID,True,,,2
2142,Revista Eletrônica de Iniciação Científica,SBC-7,Sociedade Brasileira de Computação (SBC),https://journals-sol.sbc.org.br/index.php/reic/oai,journals-sol.sbc.org.br,ojs,2025-05-14 13:01:41,223,VALID,True,,,2
2461,Revista Turismo & Cidades,UFMA-9,Universidade Federal do Maranhão (UFMA),https://periodicoseletronicos.ufma.br/index.php/turismoecidades/oai,periodicoseletronicos.ufma.br,ojs,2026-09-02 16:57:53,136,VALID,True,,,2
2296,Revista de Direito Agrário e Agroambiental,CONPEDI-41,Conselho Nacional de Pesquisa e Pós-graduação em Direito (CONPEDI),https://www.indexlaw.org/index.php/rdaa/oai,www.indexlaw.org,ojs,2025-07-02 15:50:09,95,VALID,True,,,2
2725,Cadernos de Ciências Sociais Aplicadas (Online),UESB-12,Universidade Estadual do Sudoeste da Bahia (UESB),https://periodicos2.uesb.br/index.php/ccsa/oai,periodicos2.uesb.br,ojs,2026-08-18 16:22:55,487,VALID,True,,,2
2165,Cognitio (João Pessoa),TJPB,Tribunal de Justiça da Paraíba,https://revista-cognitio.tjpb.jus.br/COGNITIO/oai,revista-cognitio.tjpb.jus.br,outra,2026-02-02 09:29:42,75,VALID,True,,,2
2549,Revista Contemporânea (São Carlos. Online),SCAR-2,Universidade Federal de São Carlos (UFSCAR),https://www.contemporanea.ufscar.br/index.php/contemporanea/oai,www.contemporanea.ufscar.br,ojs,2026-08-24 14:26:32,559,VALID,True,,,2
7,Revista Brasileira de Planejamento e Desenvolvimento,UTFPR-4,Universidade Tecnológica Federal do Paraná (UTFPR),https://periodicos.utfpr.edu.br/rbpd/oai,periodicos.utfpr.edu.br,outra,2026-09-02 15:50:48,468,VALID,True,,,2
2642,Revista CPC,USP-78,Universidade de São Paulo (USP),https://revistas.usp.br/cpc/oai,revistas.usp.br,outra,2026-08-19 18:37:37,483,VALID,True,,,2
2226,Revista Direito em Debate (Online),UNIJ-3,Universidade Regional do Noroeste do Estado do Rio Grande do Sul (UNIJUI),https://www.revistas.unijui.edu.br/index.php/revistadireitoemdebate/oai,www.revistas.unijui.edu.br,ojs,2025-06-16 16:43:13,721,VALID,True,,,2
1342,Revista Direito & Paz,UNISAL-2,Centro Universitário Salesiano de São Paulo (UNISAL),https://revista.unisal.br/lo/index.php/direitoepaz/oai,revista.unisal.br,ojs,2026-01-09 12:04:44,326,VALID,True,,,2
1636,Domínios de Lingu@gem,UFU-12,Universidade Federal de Uberlândia (UFU),https://seer.ufu.br/index.php/dominiosdelinguagem/oai,seer.ufu.br,ojs,2025-05-07 13:19:21,1045,VALID,True,,,2
2709,Revista Cultura Agronômica (Online),UNESP-41,"Universidade Estadual Paulista ""Júlio de Mesquita Filho"" (UNESP)",https://ojs.unesp.br/index.php/rculturaagronomica/oai,ojs.unesp.br,ojs,2026-08-18 16:54:26,546,VALID,False,rede:ConnectError,rede,0
750,Identidade!,EST-2,Faculdades EST,http://periodicos.est.edu.br/index.php/identidade/oai,periodicos.est.edu.br,ojs,2026-01-08 21:29:24,423,VALID,True,,,2
2819,Tecnia (Goiânia. Online),IFG-2,"Instituto Federal de Educação, Ciência e Tecnologia de Goiás (IFG)",https://periodicos.ifg.edu.br/tecnia/oai,periodicos.ifg.edu.br,outra,2026-08-18 13:44:46,261,VALID,True,,,2
2711,Revista Sem Aspas (Online),UNESP-43,"Universidade Estadual Paulista ""Júlio de Mesquita Filho"" (UNESP)",https://periodicos.fclar.unesp.br/semaspas/oai,periodicos.fclar.unesp.br,outra,2026-08-18 16:54:36,225,VALID,True,,,2
1016,Moara (Online),UFPA-4,Universidade Federal do Pará (UFPA),https://periodicos.ufpa.br/index.php/moara/oai,periodicos.ufpa.br,ojs,2026-01-08 22:09:57,970,VALID,False,rede:ConnectError,rede,0
1249,Revista Pensamento Jurídico,FADISP-1,Faculdade Autônoma de Direito (FADISP),https://ojs.unialfa.com.br/index.php/pensamentojuridico/oai,ojs.unialfa.com.br,ojs,2026-01-09 11:23:26,476,VALID,True,,,2
1148,EAD em Foco,CECIERJ,Fundação Centro de Ciências e Educação Superior a Distância do Estado do Rio de Janeiro (CECIERJ),https://eademfoco.cecierj.edu.br/index.php/Revista/oai,eademfoco.cecierj.edu.br,ojs,2026-01-09 10:11:13,713,VALID,True,,,2
1770,Revista Liberato (Online),Liberato,Fundação Escola Técnica Liberato Salzano Vieira da Cunha (Liberato),https://revista.liberato.com.br/index.php/revista/oai,revista.liberato.com.br,ojs,2025-05-12 11:20:55,395,VALID,True,,,2
2457,"Revista Matemática, Ensino e Cultura - Rematec (Online)",UFPA-9,Universidade Federal do Pará (UFPA),https://www.rematec.net.br/index.php/rematec/oai,www.rematec.net.br,ojs,2026-09-02 17:00:55,703,VALID,True,,,2
2276,"Revista de Educação, Ciência e Cultura",UNISALLE-7,Centro Universitário La Salle (Unilasalle),https://revistas.unilasalle.edu.br/index.php/Educacao/oai,revistas.unilasalle.edu.br,ojs,2025-07-02 14:03:38,643,VALID,True,,,2
49,Revista Brasileira de Educação Física e Esporte (Online),USP-35,Universidade de São Paulo (USP),https://www.revistas.usp.br/rbefe/oai,www.revistas.usp.br,outra,2026-09-04 12:02:13,1188,VALID,True,,,2
1080,Revista Labor,UFC-10,Universidade Federal do Ceará (UFC),https://periodicos.ufc.br/index.php/Labor/oai,periodicos.ufc.br,ojs,2026-01-08 22:22:07,415,VALID,True,,,2
1713,Repositório Institucional da Universidade Federal do Oeste do Pará (UFOPA),UFOPA-2,Universidade Federal do Oeste do Pará (UFOPA),https://repositorio.ufopa.edu.br/server/oai/request,repositorio.ufopa.edu.br,dspace,2026-08-12 09:45:20,2549,VALID,True,,,2
407,Repositório Institucional da Universidade Federal do Espírito Santo (riUfes),UFES,Universidade Federal do Espírito Santo (UFES),https://repositorio.ufes.br/server/oai/request,repositorio.ufes.br,dspace,2026-02-02 11:56:22,14846,VALID,True,,,2
2655,Dissertatio - Revista de Filosofia (Online),UFPEL-7,Universidade Federal de Pelotas (UFPEL),https://periodicos.ufpel.edu.br/index.php/dissertatio/oai,periodicos.ufpel.edu.br,ojs,2026-08-19 18:39:46,645,VALID,True,,,2
1992,Livro Aberto,IBICT-5,Instituto Brasileiro de Informação em Ciência e Tecnologia (Ibict),http://livroaberto.ibict.br/oai/request,livroaberto.ibict.br,dspace,2025-05-13 11:05:00,169,VALID,True,,,2
2548,Ágora (Santa Cruz do Sul. Online),UNISC-11,Universidade de Santa Cruz do Sul (UNISC),https://seer.unisc.br/index.php/agora/oai,seer.unisc.br,ojs,2026-08-24 16:51:47,369,VALID,True,,,2
1941,Conexões : Ciência e Tecnologia (Fortaleza. Online),IFCE-1,"Instituto Federal de Educação, Ciência e Tecnologia do Ceará (IFCE)",https://conexoes.ifce.edu.br/index.php/conexoes/oai,conexoes.ifce.edu.br,ojs,2025-05-13 10:18:28,604,VALID,True,,,2
321,Repositório Institucional da UFRB,UFRB-1,Universidade Federal do Recôncavo da Bahia (UFRB),https://ri.ufrb.edu.br/oai/request,ri.ufrb.edu.br,dspace,2026-08-12 11:51:35,1398,VALID,True,,,2
1726,Devir Educação,UFLA-6,Universidade Federal de Lavras (UFLA),https://devireducacao.ded.ufla.br/index.php/DEVIR/oai,devireducacao.ded.ufla.br,ojs,2025-05-07 21:00:34,355,VALID,True,,,2
127,Almanack (Guarulhos),UNIFESP-2,Universidade Federal de São Paulo (UNIFESP),https://periodicos.unifesp.br/index.php/alm/oai,periodicos.unifesp.br,ojs,2026-09-11 09:36:34,596,VALID,False,rede:ReadTimeout,rede,0
2545,Rizoma (Santa Cruz do Sul),UNISC-8,Universidade de Santa Cruz do Sul (UNISC),https://seer.unisc.br/index.php/rizoma/oai,seer.unisc.br,ojs,2026-08-24 16:51:38,384,VALID,True,,,2
264,Revista de Ciências da Administração,UFSC-15,Universidade Federal de Santa Catarina (UFSC),https://periodicos.ufsc.br/index.php/adm/oai,periodicos.ufsc.br,ojs,2026-01-05 11:13:38,790,VALID,True,,,2
2805,"Revista de Finanças Públicas, Tributação e Desenvolvimento",UERJ-35,Universidade do Estado do Rio de Janeiro (UERJ),https://www.e-publicacoes.uerj.br/rfptd/oai,www.e-publicacoes.uerj.br,outra,2026-08-18 13:43:36,141,VALID,True,,,2
1237,Revista de Estudos Aplicados em Educação,USCS-2,Universidade Municipal de São Caetano do Sul (USCS),http://seer.uscs.edu.br/index.php/revista_estudos_aplicados/oai,seer.uscs.edu.br,ojs,2026-01-09 10:57:39,276,VALID,False,rede:HTTPStatusError,rede,0
397,Revista Brasileira de Extensão Universitária (Online),UFFS-1,Universidade Federal Fronteira do Sul (UFFS),https://periodicos.uffs.edu.br/index.php/RBEU/oai,periodicos.uffs.edu.br,ojs,2026-01-08 17:06:23,413,VALID,True,,,2
2455,Archives of Veterinary Science (Online),UFPR-28,Universidade Federal do Paraná (UFPR),https://revistas.ufpr.br/veterinary/oai,revistas.ufpr.br,outra,2026-09-02 17:01:10,1337,VALID,True,,,2
337,Repositório Institucional da UFPel - Guaiaca,UFPL,Universidade Federal de Pelotas (UFPEL),https://guaiaca.ufpel.edu.br/oai/request,guaiaca.ufpel.edu.br,dspace,2026-07-27 13:46:50,18248,VALID,False,rede:HTTPStatusError,rede,0
1748,Revista de contabilidade e organizações,USP-65,Universidade de São Paulo (USP),https://www.revistas.usp.br/rco/oai,www.revistas.usp.br,outra,2025-05-09 13:47:47,392,VALID,True,,,2
2695,Fronteiras (Florianópolis. Online) - Revista Catarinense de História,UFFS-4,Universidade Federal da Fronteira Sul (UFFS),https://periodicos.uffs.edu.br/index.php/FRCH/oai,periodicos.uffs.edu.br,ojs,2026-08-18 16:55:01,445,VALID,True,,,2
300,Estudos Interdisciplinares sobre o Envelhecimento,UFRGS-4,Universidade Federal do Rio Grande do Sul (UFRGS),https://seer.ufrgs.br/index.php/RevEnvelhecer/oai,seer.ufrgs.br,ojs,2026-01-07 14:08:00,998,VALID,True,,,2
1447,RBCF. Revista Brasileira de Ciências Farmacêuticas (Online),USP-52,Universidade de São Paulo (USP),https://www.revistas.usp.br/rbcf/oai,www.revistas.usp.br,outra,2025-08-11 10:02:43,548,VALID,True,,,2
1157,"Revista de Direitos Sociais, Seguridade e Previdência Social",CONPEDI-10,Conselho Nacional de Pesquisa e Pós-graduação em Direito (CONPEDI),http://www.indexlaw.org/index.php/revistadssps/oai,www.indexlaw.org,ojs,2026-01-09 10:10:28,116,VALID,True,,,2
422,Revista brasileira de higiene e sanidade animal,UFC-4,Universidade Federal do Ceará (UFC),http://www.higieneanimal.ufc.br/seer/index.php/higieneanimal/oai,www.higieneanimal.ufc.br,ojs,2026-01-08 17:09:00,633,VALID,False,rede:ConnectError,rede,0
2818,Revista Educação e Linguagens,UNESPAR-3,Universidade Estadual do Paraná (UNESPAR),https://periodicos.unespar.edu.br/revistaeduclings/oai,periodicos.unespar.edu.br,outra,2026-08-18 13:44:47,482,VALID,True,,,2
416,Revista Letras Raras,UFCG-2,Universidade Federal de Campina Grande (UFCG),https://revistas.editora.ufcg.edu.br/index.php/RLR/oai,revistas.editora.ufcg.edu.br,ojs,2026-01-08 17:09:42,1454,VALID,True,,,2
2569,Fragmentum (Online),UFSM-26,Universidade Federal de Santa Maria (UFSM),https://periodicos.ufsm.br/fragmentum/oai,periodicos.ufsm.br,outra,2026-08-24 14:26:56,636,VALID,True,,,2
1754,Revista Baiana de Enfermagem (Online),UFBA-14,Universidade Federal da Bahia (UFBA),https://periodicos.ufba.br/index.php/enfermagem/oai,periodicos.ufba.br,ojs,2025-05-09 13:44:48,997,VALID,True,,,2
2694,Revista Gestão & Sustentabilidade,UFFS-3,Universidade Federal da Fronteira Sul (UFFS),https://periodicos.uffs.edu.br/index.php/RGES/oai,periodicos.uffs.edu.br,ojs,2026-08-18 16:54:12,128,VALID,True,,,2
2395,Nova Perspectiva Sistêmica (Online),NOOS,Instituto Noos,https://www.revistanps.com.br/nps/oai,www.revistanps.com.br,outra,2025-07-07 16:21:29,501,VALID,True,,,2
1060,Linguagem (Catalão. Online),UFG-11,Universidade Federal de Goiás (UFG),https://periodicos.ufcat.edu.br/lep/oai,periodicos.ufcat.edu.br,outra,2026-01-08 22:20:14,418,VALID,True,,,2
1213,Revista Brasileira em Promoção da Saúde,UFOR-2,Universidade de Fortaleza (UNIFOR),https://periodicos.unifor.br/RBPS/oai,periodicos.unifor.br,outra,2026-01-09 10:57:57,2566,VALID,True,,,2
285,Mneme (Caicó. Online),UFRN-6,Universidade Federal do Rio Grande do Norte (UFRN),https://periodicos.ufrn.br/mneme/oai,periodicos.ufrn.br,outra,2026-01-07 14:09:25,595,VALID,True,,,2
2512,Revista brasileira de cartografia - RBC (Online),UFU-23,Universidade Federal de Uberlândia (UFU),https://seer.ufu.br/index.php/revistabrasileiracartografia/oai,seer.ufu.br,ojs,2026-08-24 17:00:43,1637,VALID,True,,,2
2258,Eccos Revista Científica (Online),UNINOVE-7,Universidade Nove de Julho (UNINOVE),https://periodicos.uninove.br/eccos/oai,periodicos.uninove.br,outra,2025-06-30 15:51:09,1290,VALID,False,rede:HTTPStatusError,rede,0
1889,Rasbran,ASBRAN,Associação Brasileira de Nutrição (ASBRAN),https://rasbran.com.br/rasbran/oai,rasbran.com.br,outra,2025-05-12 20:54:46,280,VALID,True,,,2
2850,Interdisciplinar: Revista Eletrônica da UNIVAR,UNIVAR-1,Centro Universitário do Vale do Araguaia (Univar),http://revista.sear.com.br/rei/oai,revista.sear.com.br,outra,2026-08-18 13:15:08,607,VALID,True,,,2
2543,Psi Unisc,UNISC-7,Universidade de Santa Cruz do Sul (UNISC),https://seer.unisc.br/index.php/psi/oai,seer.unisc.br,ojs,2026-08-24 16:51:39,285,VALID,True,,,2
2251,Revista Brasileira de Sociologia do Direito,ABRASD,Associação Brasileira de Pesquisadores em Sociologia do Direito (ABraSD),https://revista.abrasd.com.br/index.php/rbsd/oai,revista.abrasd.com.br,ojs,2025-06-30 14:45:56,306,VALID,True,,,2
69,Roteiro (Joaçaba. Online),UNOESC-3,Universidade do Oeste de Santa Catarina (UNOESC),https://portalperiodicos.unoesc.edu.br/roteiro/oai,portalperiodicos.unoesc.edu.br,outra,2026-09-04 14:38:10,903,VALID,True,,,2
2391,Revista Thema,IFSUL-2,"Instituto Federal de Educação, Ciência e Tecnologia Sul-Rio-Grandense (IFSul)",https://periodicos.ifsul.edu.br/index.php/thema/oai,periodicos.ifsul.edu.br,ojs,2025-07-07 16:05:13,831,VALID,True,,,2
2502,Entomological Communications,SEB-4,Sociedade Entomológica do Brasil,https://www.entomologicalcommunications.org/index.php/index/oai,www.entomologicalcommunications.org,ojs,2026-08-24 16:59:58,305,VALID,False,rede:HTTPStatusError,rede,0
1761,Revista de Economia (Curitiba. Online),UFPR-16,Universidade Federal do Paraná (UFPR),https://revistas.ufpr.br/economia/oai,revistas.ufpr.br,outra,2025-05-09 13:46:20,626,VALID,True,,,2
690,Iheringia. Série Botânica,FZBRS-1,Fundação Zoobotânica do Rio Grande do Sul (FZB/RS),https://isb.emnuvens.com.br/iheringia/oai,isb.emnuvens.com.br,outra,2026-01-08 21:13:14,566,VALID,True,,,2
1238,Farol - Revista de Estudos Organizacionais e Sociedade,UFMG-18,Universidade Federal de Minas Gerais (UFMG),https://revistas.face.ufmg.br/index.php/farol/oai,revistas.face.ufmg.br,ojs,2026-01-09 11:23:04,403,VALID,False,rede:ConnectError,rede,0
1414,Revista Caatinga,UFERSA-1,Universidade Federal Rural do Semi-Árido (UFERSA),https://periodicos.ufersa.edu.br/index.php/caatinga/oai,periodicos.ufersa.edu.br,ojs,2026-02-20 13:12:10,2286,VALID,True,,,2
1226,Revista Direito e Justiça: Reflexões Sociojurídicas,URI-4,Universidade Regional Integrada do Alto Uruguai e das Missões (URI),https://san.uri.br/revistas/index.php/direitoejustica/oai,san.uri.br,ojs,2026-01-09 10:58:14,139,VALID,False,xml-invalido,xml-invalido,0
1987,Impacto (Rio de Janeiro),UERJ-26,Universidade do Estado do Rio de Janeiro (UERJ),https://www.e-publicacoes.uerj.br/index.php/impacto/oai,www.e-publicacoes.uerj.br,ojs,2026-01-30 11:49:15,54,VALID,True,,,2
2313,Revista Brasileira de Ensino Superior,IMED-5,Faculdade Meridional (IMED),https://seer.atitus.edu.br/index.php/REBES/oai,seer.atitus.edu.br,ojs,2025-07-04 15:28:09,135,VALID,False,rede:HTTPStatusError,rede,0
2241,Estudos Bíblicos (Online),ABIB,Associação Brasileira de Pesquisa Bíblica (ABIB),https://revista.abib.org.br/EB/oai,revista.abib.org.br,outra,2025-06-27 14:47:14,600,VALID,True,,,2
2664,Orbital - The Electronic Journal of Chemistry (Campo Grande),UFMS-9,Universidade Federal de Mato Grosso do Sul (UFMS),https://periodicos.ufms.br/index.php/orbital/oai,periodicos.ufms.br,ojs,2026-08-19 18:26:46,615,VALID,True,,,2
303,Informática na Educação: teoria & prática,UFRGS-7,Universidade Federal do Rio Grande do Sul (UFRGS),https://seer.ufrgs.br/InfEducTeoriaPratica/oai,seer.ufrgs.br,outra,2026-01-07 14:08:05,741,VALID,True,,,2
431,Caderno CRH,UFBA-7,Universidade Federal da Bahia (UFBA),https://periodicos.ufba.br/index.php/crh/oai,periodicos.ufba.br,ojs,2026-01-08 17:10:18,1301,VALID,True,,,2
1008,Libertas (Juiz de Fora. Online),UFJF-1,Universidade Federal de Juiz de Fora (UFJF),https://periodicos.ufjf.br/index.php/libertas/oai,periodicos.ufjf.br,ojs,2026-01-08 22:10:06,544,VALID,True,,,2
1533,Repositório de Dados Científicos da UFPR,UFPR-13,Universidade Federal do Paraná (UFPR),https://bdc.c3sl.ufpr.br/oai/request,bdc.c3sl.ufpr.br,dspace,2025-05-19 09:53:46,85,VALID,True,,,2
1548,Horizontes (Dourados),UFGD-8,Universidade Federal da Grande Dourados (UFGD),https://ojs.ufgd.edu.br/index.php/horizontes/oai,ojs.ufgd.edu.br,ojs,2024-04-24 12:43:13,278,VALID,True,,,2
2667,Organizações Rurais & Agroindustriais (Online),UFLA-7,Universidade Federal de Lavras (UFLA),https://www.revista.dae.ufla.br/index.php/ora/oai,www.revista.dae.ufla.br,ojs,2026-08-19 18:28:26,651,VALID,True,,,2
597,Textos & contextos (Porto Alegre),PUC_RS-13,Pontifícia Universidade Católica do Rio Grande do Sul (PUCRS),https://revistaseletronicas.pucrs.br/fass/oai,revistaseletronicas.pucrs.br,outra,2026-01-08 20:55:15,685,VALID,True,,,2
2088,Biblioteca Digital de Teses e Dissertações da PUC_PR,PUC_PR-29,Pontifícia Universidade Católica do Paraná (PUC-PR),https://pergamum-biblioteca.pucpr.br//pergamum/oai/ibict/harvest,pergamum-biblioteca.pucpr.br,outra,2026-08-19 15:23:29,6538,VALID,True,,,2
41,Revista de Administração (São Paulo),USP-27,Universidade de São Paulo (USP),https://www.revistas.usp.br/rausp/oai,www.revistas.usp.br,outra,2026-09-04 11:01:14,847,VALID,True,,,2
600,Navegações (Online),PUC_RS-16,Pontifícia Universidade Católica do Rio Grande do Sul (PUCRS),https://revistaseletronicas.pucrs.br/navegacoes/oai,revistaseletronicas.pucrs.br,outra,2026-01-08 20:55:34,512,VALID,True,,,2
1717,Anuário do Instituto de Geociências (Online),UFRJ-21,Universidade Federal do Rio de Janeiro (UFRJ),https://revistas.ufrj.br/index.php/aigeo/oai,revistas.ufrj.br,ojs,2025-05-07 21:00:11,2234,VALID,True,,,2
