Código Mantenedora;Razão Social;CNPJ;Natureza Jurídica;Código IES;Instituição(IES);Sigla;Telefone;Sitio;e-Mail;Endereço Sede;Município;UF;Organização Acadêmica;Tipo de Credenciamento;Categoria;Categoria Administrativa;Data do Ato de Criação da IES;CI;Ano CI;CI-EaD;Ano CI-EaD;IGC;Ano IGC;Reitor/Dirigente Principal;Representante Legal;Sinalizações Vigentes;Situação da IES
17401;FIEC FUNDACAO INDAIATUBANA DE EDUCACAO E CULTURA;54.675.103/0001-80;Pessoa Jurídica de Direito Público - Municipal;24462;CENTRO DE EDUCAÇÃO TECNOLÓGICO DA FUNDAÇÃO INDAIATUBANA DE EDUCAÇÃO E CULTURA (FIEC);FIEC;19 3801-8688;www.fiec.com.br;academica@fiec.com.br;Avenida Engenheiro Fábio Roberto Barnabé - - CEP: 13349-003 - Jardim Regina;Indaiatuba;SP;Faculdade;Presencial - Superior;Publica;Pública Municipal;04/06/2015;-;;-;;-;;;;;Ativa
423;FUNDACAO MUNICIPAL CENTRO UNIVERSITARIO DA CIDADE DE UNIAO DA VITORIA - UNIUV;75.967.745/0001-23;Pessoa Jurídica de Direito Público - Municipal;649;CENTRO UNIVERSITÁRIO DE UNIÃO DA VITÓRIA (UNIUV);UNIUV;(42) 3522-1837;www.uniuv.edu.br;uniuv@uniuv.edu.br;Avenida Bento Munhoz da Rocha Neto - 3.856 - CEP: 84600-000 - São Basílio Magno;União da Vitória;PR;Centro Universitário;EAD - Superior / Presencial - Superior /;Publica;Pública Municipal;19/09/1974;-;;-;;3;2023;;;;Ativa
52;FUNDACAO MUNICIPAL DE ENSINO DE PIRACICABA;54.393.491/0001-07;Pessoa Jurídica de Direito Público - Municipal;67;ESCOLA DE ENGENHARIA DE PIRACICABA (EEP/FUMEP);EEP/FUMEP;(19) 3412-1101/3412-1102/3412-1103;www.fumep.edu.br;silmara.prata@fumep.edu.br;Avenida Monsenhor Martinho Salgot - 560 - CEP: 13414-040 - Areião;Piracicaba;SP;Faculdade;Presencial - Superior;Publica;Pública Municipal;06/12/1968;-;;-;;3;2023;;;;Ativa
19632;MUNICIPIO DE SOBRAL;07.598.634/0001-37;Administração pública em geral;29941;ESCOLA DE SAÚDE PÚBLICA VISCONDE DE SABOIA (ESP-VS);ESP-VS;8836954263;https://blogdaescolasaudesobral.blogspot.com;esp-vs@sobral.ce.gov.br;Avenida John Sanford - 1320 - CEP: 62030-362 - Junco;;;Escola de Governo;Escola do Governo;Privada;Pública Municipal;28/01/2020;-;;-;;-;;;;;Ativa
16794;CAMPOS CAMARA MUNICIPAL;30.407.977/0001-99;Pessoa Jurídica de Direito Público - Municipal;22020;Escola Municipal de Gestão do Legislativo (EMUGLE);EMUGLE;;;;Rua Baronesa da Lagoa Dourada - 160 - CEP: 28035-200 - Centro;Campos dos Goytacazes;RJ;Escola de Governo;Escola do Governo;Publica;Pública Municipal;;-;;-;;-;;;;;Ativa
396;ESCOLA SUPERIOR DE CRUZEIRO PREFEITO HAMILTON VIEIRA MENDES;47.550.074/0001-65;Pessoa Jurídica de Direito Público - Municipal;608;ESCOLA SUPERIOR DE CRUZEIRO (ESEFIC);ESEFIC;12-3145-1155;www.escesefic.com.br;secretaria@escesefic.com.br;Rua Doutor José Rodrigues Alves Sobrinho - 191 - CEP: 12710-410 - Vila Celestina;Cruzeiro;SP;Faculdade;Presencial - Superior;Publica;Pública Municipal;19/03/1970;-;;-;;2;2023;;;;Ativa
74;MUNICIPIO DE JUNDIAI;45.780.103/0001-50;Administração pública em geral;94;ESCOLA SUPERIOR DE EDUCAÇÃO FÍSICA DE JUNDIAÍ (ESEFJ);ESEFJ;(11) 4805-7952;www.esef.br;secretaria@esef.br;Rua Rodrigo Soares de Oliveira - S/N - CEP: 13208-120 - ANHANGABAU;Jundiaí;SP;Faculdade;Presencial - Superior;Privada;Pública Municipal;13/03/1974;-;;-;;-;;;;;Ativa
586;FUNDACAO EDUCACIONAL ARACATUBA;44.417.764/0001-52;Fundação Pública de Direito Privado Municipal;845;FACULDADE DA FUNDAÇÃO EDUCACIONAL ARAÇATUBA (FAC-FEA);FAC-FEA;(18) 3622-8262;www.feata.edu.br;secretaria@feata.edu.br;Rua Maurício de Nassau - 1.191 - CEP: 16050-480 - Santana;Araçatuba;SP;Faculdade;Presencial - Superior;Privada;Pública Municipal;08/05/1989;-;;-;;3;2023;;;;Ativa
501;FUNDACAO EDUCACIONAL DE ANICUNS;01.203.660/0001-32;Pessoa Jurídica de Direito Público - Municipal;744;FACULDADE DE ANICUNS (FA);FA;(64)35641499;www.faculdadeanicuns.edu.br;procuradoriainstitucional@faculdadeanicuns.edu.br;Go 326 - S/N - CEP: 76170-000 - Centro;Anicuns;GO;Faculdade;Presencial - Superior;Publica;Pública Municipal;16/05/1985;-;;-;;3;2023;;;;Ativa
376;FUND INST TECNOL DE OSASCO;73.050.536/0001-95;Pessoa Jurídica de Direito Público - Municipal;543;FACULDADE DE CIÊNCIAS DA FUNDAÇÃO INSTITUTO TECNOLÓGICO DE OSASCO (FAC-FITO);FAC-FITO;;www.fito.br;FAC@FITO.BR;RUA ANGÉLICA - 100 - CEP: 06132-380 - JD. DAS FLORES;Osasco;SP;Faculdade;Presencial - Superior;Publica;Pública Municipal;22/02/1965;-;;-;;3;2011;;;Suspensão PROUNI;Ativa
341;FUNDACAO DE ENSINO SUPERIOR DE BRAGANCA PAULISTA - FESB;45.621.703/0001-75;Pessoa Jurídica de Direito Público - Municipal;495;FACULDADE DE CIÊNCIAS E LETRAS DE BRAGANÇA PAULISTA (FESB);FESB;(11) 4035 7800;www.fesb.br;faculdade@fesb.edu.br;Avenida Francisco Samuel Lucche Filho - 770 - CEP: 12929-600 - Penha;Bragança Paulista;SP;Faculdade;Presencial - Superior;Publica;Pública Municipal;03/05/1967;-;;-;;2;2023;;;;Ativa
584;FUNDACAO MUNICIPAL DE ENSINO DE BIRIGUI;51.109.049/0001-18;Pessoa Jurídica de Direito Público - Municipal;843;FACULDADE DE CIÊNCIAS E TECNOLOGIA DE BIRIGUI (FATEB);FATEB;18-36492200;www.fateb.br;secretaria@fateb.br;Rua Antônio Simões - 04 - CEP: 16200-027 - Centro;Birigui;SP;Faculdade;Presencial - Superior;Publica;Pública Municipal;01/12/1987;-;;-;;3;2023;;;Suspensão contrato FIES, Suspensão PROUNI;Ativa
483;AUTARQUIA EDUCACIONAL PARA O DESENV CULTURAL DO CABO;11.690.351/0001-98;Pessoa Jurídica de Direito Público - Municipal;720;FACULDADE DE CIÊNCIAS HUMANAS E SOCIAIS APLICADAS DO CABO DE SANTO AGOSTINHO (FACHUCA);FACHUCA;(81) 35210483;www.fachuca.edu.br;fachuca@fachuca.edu.br;Rua do Campo - S/N - CEP: 54510-110 - Destilaria;Cabo de Santo Agostinho;PE;Faculdade;Presencial - Superior;Publica;Pública Municipal;28/07/1992;-;;-;;3;2023;;;;Ativa
49;FACULDADE DE DIREITO DE FRANCA;54.157.748/0001-21;Pessoa Jurídica de Direito Público - Municipal;59;FACULDADE DE DIREITO DE FRANCA (FDF);FDF;16 37134000;www.direitofranca.br;js.saraiva.advogado@hotmail.com;Avenida Major Nicácio - 2377 - CEP: 14401-135 - SÃO JOSÉ;Franca;SP;Faculdade;Presencial - Superior;Publica;Pública Municipal;28/02/1958;-;;-;;4;2023;;;;Ativa
465;FUNDACAO EDUCACIONAL ITABORAI FEITA;29.872.181/0001-28;Pessoa Jurídica de Direito Público - Municipal;700;FACULDADE DE EDUCAÇÃO DE ITABORAÍ (FEITA);FEITA;;;"semeita@ig.com.br;vf.ss@hotmail.com;magaldri@ig.com.br";Avenida Antônio Gomes - 1250 - CEP: 24800-000 - PARQUE ROYAL;Itaboraí;RJ;Faculdade;Presencial - Superior;Publica;Pública Municipal;29/05/1979;-;;-;;SC;2010;;;Suspensão PROUNI;Ativa
13139;FACELI - FUNDACAO FACULDADES INTEGRADAS DE ENSINO SUPERIOR DO MUNICIPIO DE LINHARES;07.871.399/0001-25;Pessoa Jurídica de Direito Público - Municipal;16010;FACULDADE DE ENSINO SUPERIOR DE LINHARES (FACELI);FACELI;(27) 3373-7900;www.faceli.edu.br;secretaria@faceli.edu.br;Avenida Presidente Costa e Silva - 177 - CEP: 29902-120 - Novo Horizonte;Linhares;ES;Faculdade;Presencial - Superior;Publica;Pública Municipal;27/09/2006;-;;-;;3;2023;;;;Ativa
62;PREFEITURA MUNICIPAL DE ALEGRE;27.174.101/0001-35;Pessoa Jurídica de Direito Público - Municipal;78;FACULDADE DE FILOSOFIA CIÊNCIAS E LETRAS DE ALEGRE (FAFIA);FAFIA;2899958-8264;www.fafia.edu.br;direcao@fafia.edu.br;Rua Belo Amorim - 100 - CEP: 29500-000 - Centro;Alegre;ES;Faculdade;Presencial - Superior;Publica;Pública Municipal;03/05/1973;-;;-;;3;2023;;;;Ativa
1232;FUNDACAO EDUCACIONAL MUNICIPAL DE IBITINGA - FEMIB;02.343.386/0001-60;Pessoa Jurídica de Direito Público - Municipal;1875;FACULDADE DE FILOSOFIA, CIÊNCIAS E LETRAS DE IBITINGA (FAIBI);FAIBI;(16) 33529130;www.faibi.com.br;faibi@faibi.com.br;Rua Roque Raineri - 81 - CEP: 14940-000 - Jardim Centenário;Ibitinga;SP;Faculdade;Presencial - Superior;Publica;Pública Municipal;29/06/2000;-;;-;;3;2023;;;;Ativa
17227;FACULDADE DE FILOS CIENC E LETRAS DE S J DO RIO PARDO;59.900.704/0001-63;Pessoa Jurídica de Direito Público - Municipal;74;FACULDADE DE FILOSOFIA CIÊNCIAS E LETRAS DE SÃO JOSÉ DO RIO PARDO (FFCL);FFCL;19-3608-3541;www.feucriopardo.edu.br;luisfernandoabenedito@gmail.com;Rua Jorge Tibiriça - 451 - CEP: 13720-000 - CENTRO;São José do Rio Pardo;SP;Faculdade;Presencial - Superior;Publica;Pública Municipal;27/04/1964;-;;-;;2;2023;;;;Ativa
74;MUNICIPIO DE JUNDIAI;45.780.103/0001-50;Administração pública em geral;93;FACULDADE DE MEDICINA DE JUNDIAÍ (FMJ);FMJ;(11) 3395-2100;www.fmj.br;fmj@fmj.br;Rua Francisco Telles - 250 - CEP: 13202-550 - VILA ARENS;Jundiaí;SP;Faculdade;Presencial - Superior;Privada;Pública Municipal;12/03/1968;-;;-;;4;2023;;;;Ativa
15523;FUNDACAO DE DESENVOLVIMENTO SUSTENTAVEL DO CANTAO;10.573.895/0001-07;Pessoa Jurídica de Direito Público - Municipal;17291;FACULDADE FAPAF (FAPAF);FAPAF;(63) 981280055;www.fapaf.edu.br;reitor@fapaf.edu.br;Avenida Diogenes de Brito - 51 - CEP: 77570-000 - Centro;Pium;TO;Faculdade;Presencial - Superior;Publica;Pública Municipal;20/08/2009;1;2016;-;;-;;;;;Ativa
16790;MUNICIPIO DE CLEVELANDIA;76.161.199/0001-00;Administração pública em geral;22015;Faculdade Municipal de Educação e Meio Ambiente (FAMA);FAMA;46999101381;www.famapr.edu.br;cepe@famapr.edu.br;Rua Coronel Manoel Ferreira Bello - s/n - CEP: 85530-000 - Centro;Clevelândia;PR;Faculdade;Presencial - Superior;Privada;Pública Municipal;31/03/2016;-;;-;;SC;2023;;;;Ativa
3669;MUNICIPIO DE PALHOCA;82.892.316/0001-08;Pessoa Jurídica de Direito Público - Municipal;5706;Faculdade Municipal de Palhoça - Educadora Mariléia Silveira da Costa (FMP);FMP;48-32200376;www.fmpsc.edu.br;presidente@fmpsc.edu.br;Rua João Pereira dos Santos - 99 - CEP: 88130-475 - Ponte do Imaruim;Palhoça;SC;Faculdade;Presencial - Superior;Publica;Pública Municipal;25/10/2005;-;;-;;3;2023;;;;Ativa
1233;FUNDACAO EDUCACIONAL GUACUANA;52.742.236/0001-05;Pessoa Jurídica de Direito Público - Municipal;1876;FACULDADE MUNICIPAL PROFESSOR FRANCO MONTORO DE MOGI GUAÇU (FMPFM);FMPFM;(19)38616225 / 38616606;www.francomontoro.com.br;secretaria@francomontoro.com.br;Estrada da Cachoeira de Cima - s/n - CEP: 13840-000 - Centro;Mogi Guaçu;SP;Faculdade;Presencial - Superior;Publica;Pública Municipal;29/10/1999;-;;-;;3;2023;;;;Ativa
17344;MUNICIPIO DE MACAE;29.115.474/0001-60;Administração pública em geral;4428;FACULDADE PROFESSOR MIGUEL ÂNGELO DA SILVA SANTOS (FEMASS);FEMASS;(22)3399-1844;www.macae.rj.gov.br/femass;direcao.femass@macae.rj.gov.br;Rua Aloísio da Silva Gomes - 50 - CEP: 27930-560 - Granja dos Cavaleiros;Macaé;RJ;Faculdade;Presencial - Superior;Privada;Pública Municipal;01/11/2000;-;;-;;4;2023;;;;Ativa
50;FUNDACAO REGIONAL EDUCACIONAL DE AVARE;50.808.989/0001-32;Pessoa Jurídica de Direito Público - Municipal;1870;FACULDADES INTEGRADAS REGIONAIS DE AVARÉ (FIRA);FIRA;(14) 37111828;www.frea.edu.br;secretaria@frea.edu.br;Praça Prefeito Romeu Bretas - 163 - CEP: 18700-902 - CENTRO;Avaré;SP;Faculdade;Presencial - Superior;Publica;Pública Municipal;24/10/2001;-;;-;;2;2023;;;;Ativa
373;FUNDACAO FACULDADE DE FILOSOFIA, CIENCIAS E LETRAS DE MANDAGUARI;78.959.145/0001-01;Pessoa Jurídica de Direito Público - Municipal;535;FUNDAÇÃO FACULDADE DE FILOSOFIA CIÊNCIAS E LETRAS DE MANDAGUARI (FAFIMAN);FAFIMAN;(44) 3233-1356;www.fafiman.br;secretaria@fafiman.br;Rua: Renê Táccola - 152 - CEP: 86975-000 - CENTRO;Mandaguari;PR;Faculdade;EAD - Superior / Presencial - Superior /;Publica;Pública Municipal;18/06/1966;-;;-;;2;2023;;;;Ativa
2615;FUNDACAO DE PESQUISAS, ESTUDOS SOCIAIS E DE POLITICAS PUBLICAS - FUPESPP;03.261.770/0001-86;Pessoa Jurídica de Direito Público - Municipal;4167;INSTITUTO DE ENSINO SUPERIOR DA FUPESP (IESF);IESF;;;superint@fupespp.gov.br;Rua Aldo Moretti - 181 - CEP: 13140-000 - Jardim Ouro Negro;Paulínia;SP;Faculdade;Presencial - Superior;Publica;Pública Municipal;23/05/2003;-;;-;;-;;;;Suspensão PROUNI;Ativa
616;MUNICIPIO DE BEBEDOURO;45.709.920/0001-11;Pessoa Jurídica de Direito Público - Municipal;882;INSTITUTO MUNICIPAL DE ENSINO SUPERIOR DE BEBEDOURO VICTÓRIO CARDASSI (IMESB);IMESB;(17) 3345 9366;www.imesb.br;secretaria02@imesb.br;Rua Nelson Domingos Madeira - 300 - CEP: 14706-124 - PARQUE ELDORADO;Bebedouro;SP;Faculdade;Presencial - Superior;Publica;Pública Municipal;16/08/1988;-;;-;;4;2023;;;;Ativa
63;INSTITUTO MUNICIPAL DE ENSINO SUPERIOR DE CATANDUVA;51.843.795/0001-30;Pessoa Jurídica de Direito Público - Municipal;79;INSTITUTO MUNICIPAL DE ENSINO SUPERIOR DE CATANDUVA (IMES CATANDUVA);IMES CATANDUVA;17 3531-2200;www.imescatanduva.edu.br;secretaria@imescatanduva.edu.br;Av. Daniel Dalto S/N - S/N - CEP: 15800-970 - Rural;Catanduva;SP;Faculdade;Presencial - Superior;Publica;Pública Municipal;07/04/1967;-;;-;;3;2023;;;;Ativa
502;INSTITUTO MUNICIPAL DE ENSINO SUPERIOR DE SAO MANUEL;51.522.266/0001-35;Pessoa Jurídica de Direito Público - Municipal;745;INSTITUTO MUNICIPAL DE ENSINO SUPERIOR DE SÃO MANUEL (IMESSM);IMESSM;14-38413766;www.imessm.edu.br;secretaria@imessm.edu.br;Caixa Postal 126 - Quintino Bocaiuva - S/N - CEP: 18650-000 - APARECIDA DE SÃO MANUEL;São Manuel;SP;Faculdade;Presencial - Superior;Publica;Pública Municipal;22/12/1972;-;;-;;3;2023;;;;Ativa
467;AUTARQUIA MUNICIPAL DO ENSINO SUPERIOR DE GOIANA;11.408.812/0001-97;Pessoa Jurídica de Direito Público - Municipal;4398;INSTITUTO SUPERIOR DE EDUCAÇÃO DE GOIANA (I.S.E.G.);I.S.E.G.;(81) 3626-0517;www.fadimab.edu.br;fadimab@fadimab.edu.br;Rua Poco Rei - S/N - CEP: 55900-000 - CENTRO;Goiana;PE;Faculdade;Presencial - Superior;Publica;Pública Municipal;24/05/2004;-;;-;;SC;2016;;;Suspensão PROUNI;Ativa
2331;FUNDACAO UNIVERSITARIA DE ITAPERUNA;39.217.278/0001-50;Pessoa Jurídica de Direito Público - Municipal;3682;INSTITUTO SUPERIOR DE EDUCAÇÃO DO MUNICÍPIO DE ITAPERUNA (ISEMI);ISEMI;(22) 3824 6519;www.funita.edu.br;funita@funita.edu.br;Rua Luis Carlos Ferreira Tirado - 148 - CEP: 28300-000 - Cidade Nova;Itaperuna;RJ;Faculdade;Presencial - Superior;Publica;Pública Municipal;16/12/1999;-;;-;;3;2023;;;;Ativa
709;AUTARQUIA EDUCACIONAL DE AFOGADOS DA INGAZEIRA-AEDAI;11.479.037/0001-60;Pessoa Jurídica de Direito Público - Municipal;5054;INSTITUTO SUPERIOR DE EDUCAÇÃO DO SERTÃO DO PAJEÚ (ISESP);ISESP;;;aedai@zaz.com.br;Rua Doutor Osvaldo Gouveia - s/n - CEP: 56800-000 - Centro;Afogados da Ingazeira;PE;Faculdade;Presencial - Superior;Publica;Pública Municipal;18/09/2003;-;;-;;-;;;;Suspensão PROUNI;Ativa
